-- phpMyAdmin SQL Dump
-- version 4.1.14
-- http://www.phpmyadmin.net
--
-- Host: 127.0.0.1
-- Generation Time: Nov 14, 2017 at 07:07 PM
-- Server version: 5.6.17
-- PHP Version: 5.5.12

SET SQL_MODE = "NO_AUTO_VALUE_ON_ZERO";
SET time_zone = "+00:00";


/*!40101 SET @OLD_CHARACTER_SET_CLIENT=@@CHARACTER_SET_CLIENT */;
/*!40101 SET @OLD_CHARACTER_SET_RESULTS=@@CHARACTER_SET_RESULTS */;
/*!40101 SET @OLD_COLLATION_CONNECTION=@@COLLATION_CONNECTION */;
/*!40101 SET NAMES utf8 */;

--
-- Database: `financeold`
--

-- --------------------------------------------------------

--
-- Table structure for table `accounts`
--

CREATE TABLE IF NOT EXISTS `accounts` (
  `id` int(10) unsigned NOT NULL AUTO_INCREMENT,
  `account_type_id` int(10) unsigned NOT NULL DEFAULT '1',
  `branch_id` int(10) unsigned NOT NULL DEFAULT '1',
  `name` varchar(100) NOT NULL,
  `currency_id` varchar(3) CHARACTER SET latin1 NOT NULL DEFAULT 'UGX',
  `description` longtext NOT NULL,
  `created` datetime NOT NULL,
  `modified` datetime NOT NULL,
  `enabled` tinyint(1) unsigned NOT NULL DEFAULT '1',
  `initial_balance` double NOT NULL DEFAULT '0',
  PRIMARY KEY (`id`)
) ENGINE=InnoDB  DEFAULT CHARSET=utf8 COMMENT='These are used as account headers' AUTO_INCREMENT=94 ;

--
-- Dumping data for table `accounts`
--

INSERT INTO `accounts` (`id`, `account_type_id`, `branch_id`, `name`, `currency_id`, `description`, `created`, `modified`, `enabled`, `initial_balance`) VALUES
(3, 1, 1, 'USD Safe In Kampala', 'USD', 'Account that Keeps USD currency in the kampala', '2017-01-17 18:37:38', '2017-03-20 13:11:29', 1, 0),
(4, 1, 1, 'UGX Safe Kampala', 'UGX', 'Account that keeps ugx in the kampala branch', '2017-01-17 18:38:56', '2017-01-17 18:38:56', 1, 0),
(5, 1, 1, 'Sudanese Pound Safe Kampala', 'SSP', 'Safe That keeps SDG in kampala Branch', '2017-01-17 18:40:44', '2017-01-17 18:40:44', 1, 0),
(6, 1, 8, 'USD Safe In Yei Branch', 'USD', 'Account That Keeps USD currency in the Yei Branch', '2017-01-17 18:43:36', '2017-01-17 18:43:36', 1, 0),
(7, 1, 8, 'UGX Safe Yei Branch', 'UGX', 'Account that keeps Ugx in the Yei Branch', '2017-01-17 18:48:07', '2017-01-17 18:48:07', 1, 0),
(8, 1, 8, 'Sudanese Pound Safe Yei', 'SSP', 'Account that keeps SDG in the Yei Branch', '2017-01-17 18:49:10', '2017-01-17 18:49:10', 1, 0),
(9, 1, 5, 'USD Safe Koboko Branch', 'USD', 'Account that keeps USD in  the Koboko Branch', '2017-01-17 18:51:19', '2017-01-17 18:51:19', 1, 0),
(10, 1, 5, 'UGX Safe Koboko', 'UGX', 'Account that keeps Ugx in the koboko branch', '2017-01-17 18:52:29', '2017-01-17 18:52:29', 1, 0),
(11, 1, 5, 'Sudanese Pound Safe Koboko', 'SSP', 'Account to keep SDG in the koboko branch', '2017-01-17 18:53:22', '2017-01-17 18:53:22', 1, 0),
(12, 1, 4, 'USD Safe Arua', 'USD', 'Account to Keep USD in the Arua branch', '2017-01-17 18:55:02', '2017-01-17 18:55:02', 1, 0),
(13, 1, 4, 'UGX Safe Arua', 'UGX', 'Account to keep Ugx n the Arua branch', '2017-01-17 18:56:20', '2017-01-17 18:56:20', 1, 0),
(14, 1, 4, 'Sudanese Pound Safe Arua', 'SSP', 'Account to keep SDG in the Arua branch', '2017-01-17 18:57:37', '2017-01-17 18:57:37', 1, 0),
(15, 1, 2, 'USD Safe Juba', 'USD', 'Account to keep USD in Juba branch', '2017-01-17 19:00:39', '2017-01-17 19:00:39', 1, 0),
(16, 1, 2, 'UGX Safe Juba', 'UGX', 'Account to Keep Ugx in the juba branch', '2017-01-17 19:01:47', '2017-01-17 19:01:47', 1, 0),
(17, 1, 2, 'Sudanese Pound Safe Juba', 'SSP', 'Account to keep SDG in Juba Branch', '2017-01-17 19:03:37', '2017-01-17 19:03:37', 1, 0),
(18, 1, 6, 'USD Safe Nimule', 'USD', 'Account to keep USD in the Nimule Branch', '2017-01-17 19:04:31', '2017-01-17 19:04:31', 1, 0),
(19, 1, 6, 'UGX Safe Nimule ', 'UGX', 'Account to keep Ugx in the Nimule Branch', '2017-01-17 19:06:15', '2017-01-17 19:06:15', 1, 0),
(20, 1, 6, 'Sudanese Pound Safe Nimule', 'SSP', 'Account to keep SDG in the Nimule Branch', '2017-01-17 19:07:35', '2017-01-17 19:07:35', 1, 0),
(21, 1, 1, 'USD depositors account- kampala', 'USD', 'Account customers use to deposit USDto their accounts in kampala', '2017-01-17 19:09:45', '2017-02-01 18:00:02', 1, 0),
(23, 1, 9, 'SSP depositors account- kampala', 'SSP', 'Account customers use to deposit SSP to their accounts in kampala', '2017-01-17 19:11:35', '2017-02-01 17:59:58', 1, 0),
(24, 3, 1, 'GBP depositors account- kampala', 'GBP', 'Account customers use to deposit GBP to their accounts in kampala', '2017-01-26 14:37:33', '2017-02-01 18:07:59', 1, 0),
(25, 3, 1, 'SSP depositors account- kampala', 'SSP', 'Account to initialize SSP currency opening balance for branches', '2017-01-26 14:40:31', '2017-02-01 18:08:24', 1, 0),
(26, 3, 1, 'UGX depositors account- kampala', 'UGX', 'Account to initialize UGX opening balance for different branches', '2017-01-26 14:41:52', '2017-02-01 18:09:01', 1, 0),
(27, 1, 1, 'UGX depositors account- kampala', 'UGX', 'Account customers use to deposit UGX to their accounts in kampala', '2017-01-26 14:42:49', '2017-02-01 18:07:38', 1, 0),
(28, 1, 1, 'Kampala SSP  profits', 'SSP', 'Account to have all the profits made in SSP  in kamapala', '2017-01-27 21:21:29', '2017-01-27 21:21:29', 1, 0),
(29, 1, 1, 'Kampala UGX  profits', 'UGX', 'Account to have all the profits made in UGX  in kamapala', '2017-01-27 21:21:33', '2017-01-27 21:21:33', 1, 0),
(30, 1, 1, 'Kampala USD profits', 'USD', 'Account to have all the profits made in USD  in kamapala', '2017-01-27 21:21:37', '2017-01-27 21:21:37', 1, 0),
(31, 1, 8, 'Yei USD profits', 'USD', 'Account to have all the profits made in SSP  in kamapala', '2017-01-27 21:22:55', '2017-01-27 21:22:55', 1, 0),
(32, 1, 8, 'Yei UGX profits', 'UGX', 'Account to have all the profits made in SSP  in kamapala', '2017-01-27 21:23:12', '2017-01-27 21:23:12', 1, 0),
(33, 1, 8, 'Yei SSP profits', 'SSP', 'Account to have all the profits made in SSP  in kamapala', '2017-01-27 21:23:25', '2017-01-27 21:23:25', 1, 0),
(34, 1, 4, 'Arua USD  profits', 'USD', 'profits made in USD in the Arua branch', '2017-01-27 21:25:46', '2017-01-27 21:25:46', 1, 0),
(35, 1, 4, 'Arua UGX  profits', 'UGX', 'profits made in UGX in the Arua branch', '2017-01-27 21:25:57', '2017-01-27 21:25:57', 1, 0),
(36, 1, 4, 'Arua SSP  profits', 'SSP', 'profits made in SSP in the Arua branch', '2017-01-27 21:26:07', '2017-01-27 21:26:07', 1, 0),
(37, 1, 5, 'Koboko USD profits', 'USD', 'profits made in USD in the Koboko branch', '2017-01-27 21:27:48', '2017-01-27 21:27:48', 1, 0),
(38, 1, 5, 'Koboko UGX profits', 'UGX', 'profits made in UGX in the Koboko branch', '2017-01-27 21:27:58', '2017-01-27 21:27:58', 1, 0),
(39, 1, 5, 'Koboko SSP profits', 'SSP', 'profits made in SSP in the Koboko branch', '2017-01-27 21:28:10', '2017-01-27 21:28:10', 1, 0),
(40, 1, 2, 'Juba SDG profits', 'SSP', 'Profits made in SDG in the Juba branch', '2017-01-27 21:30:12', '2017-01-27 21:30:12', 1, 0),
(41, 1, 2, 'Juba UGX profits', 'UGX', 'Profits made in UGX in the Juba branch', '2017-01-27 21:30:22', '2017-01-27 21:30:22', 1, 0),
(42, 1, 2, 'Juba USD profits', 'USD', 'Profits made in USD in the Juba branch', '2017-01-27 21:30:33', '2017-01-27 21:30:33', 1, 0),
(43, 1, 6, 'Nimule USD  Profits ', 'USD', 'Profits made in USD in Nimule branch', '2017-01-27 21:33:03', '2017-01-27 21:33:03', 1, 0),
(44, 1, 6, 'Nimule UGX  Profits ', 'UGX', 'Profits made in UGX in Nimule branch', '2017-01-27 21:33:13', '2017-01-27 21:33:13', 1, 0),
(45, 1, 6, 'Nimule SSP  Profits ', 'SSP', 'Profits made in SSP in Nimule branch', '2017-01-27 21:33:22', '2017-01-27 21:33:22', 1, 0),
(46, 1, 8, 'USD depositors account- Yei', 'USD', 'Account for customers to deposit/withdraw USD in yei', '2017-02-01 18:16:42', '2017-02-01 18:16:42', 1, 0),
(47, 1, 8, 'UGX depositors account- Yei', 'UGX', 'Account for customers to deposit/withdraw UGX in yei', '2017-02-01 18:16:47', '2017-02-01 18:16:47', 1, 0),
(48, 1, 8, 'SSP depositors account- Yei', 'SSP', 'Account for customers to deposit/withdraw SSP in yei', '2017-02-01 18:16:51', '2017-02-01 18:16:51', 1, 0),
(49, 1, 8, 'GBP depositors account- Yei', 'GBP', 'Account for customers to deposit/withdraw GBP in yei', '2017-02-01 18:16:55', '2017-02-01 18:16:55', 1, 0),
(50, 1, 5, 'USD depositors account- Koboko', 'USD', 'Account customers use to deposit/withdraw USD-koboko', '2017-02-01 18:21:05', '2017-02-01 18:21:05', 1, 0),
(51, 1, 5, 'UGX depositors account- Koboko', 'UGX', 'Account customers use to deposit/withdraw UGX-koboko', '2017-02-01 18:21:09', '2017-02-01 18:21:09', 1, 0),
(52, 1, 5, 'SSP depositors account- Koboko', 'SSP', 'Account customers use to deposit/withdraw SSP-koboko', '2017-02-01 18:21:13', '2017-02-01 18:21:13', 1, 0),
(53, 1, 5, 'GBP depositors account- Koboko', 'GBP', 'Account customers use to deposit/withdraw GBP-koboko', '2017-02-01 18:21:17', '2017-02-01 18:21:17', 1, 0),
(54, 1, 4, 'GBP depositors account- Arua', 'GBP', 'Account customers use to deposit/withdraw GBP-Arua', '2017-02-01 18:24:05', '2017-02-01 18:24:05', 1, 0),
(55, 1, 4, 'SSP depositors account- Arua', 'SSP', 'Account customers use to deposit/withdraw SSP-Arua', '2017-02-01 18:24:10', '2017-02-01 18:24:10', 1, 0),
(56, 1, 4, 'UGX depositors account- Arua', 'UGX', 'Account customers use to deposit/withdraw UGX-Arua', '2017-02-01 18:24:15', '2017-02-01 18:24:15', 1, 0),
(57, 1, 4, 'USD depositors account- Arua', 'USD', 'Account customers use to deposit/withdraw USD-Arua', '2017-02-01 18:24:19', '2017-02-01 18:24:19', 1, 0),
(58, 1, 2, 'GBP depositors account- juba', 'GBP', 'Account for customer to deposit/withdraw GBP-Juba', '2017-02-01 18:27:02', '2017-02-01 18:27:02', 1, 0),
(59, 1, 2, 'SSP depositors account- juba', 'SSP', 'Account for customer to deposit/withdraw SSP-Juba', '2017-02-01 18:27:09', '2017-02-01 18:27:09', 1, 0),
(60, 1, 2, 'UGX depositors account- juba', 'UGX', 'Account for customer to deposit/withdraw UGX-Juba', '2017-02-01 18:27:12', '2017-02-01 18:27:12', 1, 0),
(61, 1, 2, 'USD depositors account- juba', 'USD', 'Account for customer to deposit/withdraw USD-Juba', '2017-02-01 18:27:15', '2017-02-01 18:27:15', 1, 0),
(62, 1, 6, 'GBP depositors account- Nimule', 'GBP', 'Account for customer to deposit/withdraw GBP-Nimule', '2017-02-01 18:31:07', '2017-02-01 18:31:07', 1, 0),
(63, 1, 6, 'SSP depositors account- Nimule', 'SSP', 'Account for customer to deposit/withdraw SSP-Nimule', '2017-02-01 18:31:09', '2017-02-01 18:31:09', 1, 0),
(64, 1, 6, 'UGX depositors account- Nimule', 'UGX', 'Account for customer to deposit/withdraw UGX-Nimule', '2017-02-01 18:31:12', '2017-02-01 18:31:12', 1, 0),
(65, 1, 6, 'USD depositors account- Nimule', 'USD', 'Account for customer to deposit/withdraw USD-Nimule', '2017-02-01 18:31:15', '2017-02-01 18:31:15', 1, 0),
(66, 1, 1, 'USD kampala transacting client', 'USD', 'USD received from a client sending money', '2017-02-06 19:51:33', '2017-02-06 19:51:33', 1, 0),
(67, 1, 1, 'UGX kampala transacting client', 'UGX', 'UGX received from a client sending money', '2017-02-06 19:51:37', '2017-02-06 19:51:37', 1, 0),
(68, 1, 1, 'SSP kampala transacting client', 'SSP', 'SSP received from a client sending money', '2017-02-06 19:51:41', '2017-02-06 19:51:41', 1, 0),
(69, 1, 8, 'SSP Yei transacting client', 'SSP', 'SSP received from a client sending money in Yei Branch ', '2017-02-06 19:56:01', '2017-02-06 19:56:01', 1, 0),
(70, 1, 8, 'UGX Yei transacting client', 'UGX', 'UGX received from a client sending money in Yei Branch ', '2017-02-06 19:56:06', '2017-02-06 19:56:06', 1, 0),
(71, 1, 8, 'USD Yei transacting client', 'USD', 'USD received from a client sending money in Yei Branch ', '2017-02-06 19:56:10', '2017-02-06 19:56:10', 1, 0),
(72, 1, 5, 'USD Koboko transacting client', 'USD', 'USD received from a client sending money in Koboko Branch ', '2017-02-06 19:58:11', '2017-02-06 19:58:11', 1, 0),
(73, 1, 5, 'UGX Koboko transacting client', 'UGX', 'UGX received from a client sending money in Koboko Branch ', '2017-02-06 19:58:14', '2017-02-06 19:58:14', 1, 0),
(74, 1, 5, 'SSP Koboko transacting client', 'SSP', 'SSP received from a client sending money in Koboko Branch ', '2017-02-06 19:58:21', '2017-02-06 19:58:21', 1, 0),
(75, 1, 2, 'USD  Juba  transacting client', 'USD', 'USD received from a client sending money in Juba ', '2017-02-06 20:01:34', '2017-02-06 20:01:34', 1, 0),
(76, 1, 2, 'UGX Juba transacting client', 'UGX', 'UGX received from a client sending money in Juba ', '2017-02-06 20:01:39', '2017-02-06 20:01:39', 1, 0),
(77, 1, 2, 'SSP Juba transacting client', 'SSP', 'SSP received from a client sending money in Juba ', '2017-02-06 20:01:43', '2017-02-06 20:01:43', 1, 0),
(78, 1, 4, 'SSP Arua transacting client', 'SSP', 'SSP received from a client sending money in Arua', '2017-02-06 20:04:02', '2017-02-06 21:20:59', 1, 0),
(79, 1, 4, 'UGX Arua transacting client', 'UGX', 'UGX received from a client sending money in Arua', '2017-02-06 20:04:05', '2017-02-06 21:20:21', 1, 0),
(80, 1, 4, 'USD Arua transacting client', 'USD', 'USD received from a client sending money in Arua', '2017-02-06 20:04:09', '2017-02-06 20:04:09', 1, 0),
(81, 1, 6, 'USD Nimule transacting client', 'USD', 'USD received from a client sending money in Nimule', '2017-02-06 20:06:42', '2017-02-06 20:06:42', 1, 0),
(82, 1, 6, 'UGX Nimule transacting client', 'UGX', 'UGX received from a client sending money in nimule branch', '2017-02-06 20:15:52', '2017-02-06 20:15:52', 1, 0),
(83, 1, 6, 'SSP Nimule transacting client', 'SSP', 'SSP received from a client sending money in nimule branch', '2017-02-06 20:15:57', '2017-02-06 20:15:57', 1, 0),
(84, 1, 9, 'USD Main Volt', 'USD', 'Main account(volt) which has the initial prices of the business in USD', '2017-03-20 13:29:09', '2017-03-20 14:36:40', 1, 1000000),
(85, 1, 9, 'UGX Main Volt', 'UGX', 'Main account(volt) which has the initial prices of the business in UGX', '2017-03-20 13:29:59', '2017-03-20 14:37:19', 1, 1000000),
(86, 1, 9, 'SSP Main Volt', 'SSP', 'Main account(volt) which has the initial prices of the business in SSP', '2017-03-20 13:30:45', '2017-03-20 14:37:43', 1, 1000000),
(87, 1, 9, 'GBP Main Volt', 'GBP', 'Main account(volt) which has the initial prices of the business in GBP', '2017-03-20 13:31:25', '2017-03-20 13:31:25', 1, 0),
(88, 1, 9, 'USD depositors account- Outside branch', 'USD', 'Depositing USD into the business', '2017-03-20 18:23:46', '2017-03-20 18:23:46', 1, 0),
(89, 1, 9, 'UGX depositors account- Outside branch', 'UGX', 'Depositing UGX into the business', '2017-03-20 18:24:23', '2017-03-20 18:24:23', 1, 0),
(90, 1, 9, 'SSP depositors account- Outside branch', 'SSP', 'Depositing SSP into the business', '2017-03-20 18:25:02', '2017-03-20 18:25:02', 1, 0),
(91, 1, 9, 'SSP Out Branch transacting client', 'SSP', 'SSP  sent to another branch', '2017-03-29 22:05:48', '2017-03-29 22:05:48', 1, 0),
(92, 1, 9, 'UGX Out Branch transacting client', 'UGX', 'UGX  sent to another branch', '2017-03-29 22:05:54', '2017-03-29 22:05:54', 1, 0),
(93, 1, 9, 'USD Out Branch transacting client', 'USD', 'USD sent to another branch', '2017-03-29 22:05:58', '2017-03-29 22:05:58', 1, 0);

-- --------------------------------------------------------

--
-- Table structure for table `account_types`
--

CREATE TABLE IF NOT EXISTS `account_types` (
  `id` int(10) unsigned NOT NULL AUTO_INCREMENT,
  `name` varchar(50) NOT NULL,
  `enabled` tinyint(1) NOT NULL DEFAULT '1',
  `add_to_menu` tinyint(1) unsigned NOT NULL DEFAULT '0',
  PRIMARY KEY (`id`)
) ENGINE=InnoDB  DEFAULT CHARSET=utf8 AUTO_INCREMENT=4 ;

--
-- Dumping data for table `account_types`
--

INSERT INTO `account_types` (`id`, `name`, `enabled`, `add_to_menu`) VALUES
(1, 'Default', 1, 1),
(2, 'Customer', 1, 1),
(3, 'Currencies', 1, 1);

-- --------------------------------------------------------

--
-- Table structure for table `app_settings`
--

CREATE TABLE IF NOT EXISTS `app_settings` (
  `id` int(10) NOT NULL AUTO_INCREMENT,
  `branch_id` int(10) unsigned NOT NULL,
  `customer_account_type_id` int(3) NOT NULL DEFAULT '2' COMMENT 'This is the account type that identifies customers',
  `customer_identity_types` varchar(255) NOT NULL DEFAULT 'Passport, NationalID',
  `final_transaction_status_id` smallint(5) unsigned NOT NULL DEFAULT '6',
  `cancel_transaction_status_id` int(11) DEFAULT NULL,
  `customer_custom_fields` varchar(128) DEFAULT NULL,
  `all_branches_contacts` text,
  `app_name` varchar(20) DEFAULT NULL,
  `app_theme` varchar(20) NOT NULL DEFAULT 'skin-blue',
  `max_menu_items` tinyint(3) NOT NULL DEFAULT '3' COMMENT 'Maximum number of items beyond which they should be collapsed',
  `require_commission_input` tinyint(1) NOT NULL DEFAULT '1',
  PRIMARY KEY (`id`)
) ENGINE=InnoDB  DEFAULT CHARSET=utf8 AUTO_INCREMENT=8 ;

--
-- Dumping data for table `app_settings`
--

INSERT INTO `app_settings` (`id`, `branch_id`, `customer_account_type_id`, `customer_identity_types`, `final_transaction_status_id`, `cancel_transaction_status_id`, `customer_custom_fields`, `all_branches_contacts`, `app_name`, `app_theme`, `max_menu_items`, `require_commission_input`) VALUES
(1, 1, 2, 'passport,national_id', 6, 3, '', 'YEI: (+211) 955002597\r\nKOBOKO: (+256) 786045266\r\nKAMPALA: (+256) 392179110\r\nNIMULE: (+211) 915360915\r\nKAMPALA: (+256) 755555164\r\nARUA: (+256) 703319874\r\nJUBA: (+211977799990)', 'Loms', 'skin-purple', 3, 0),
(2, 8, 2, 'passport,national_id', 6, 3, '', 'YEI: (+211) 955002597\r\nKOBOKO: (+256) 786045266\r\nKAMPALA: (+256) 392179110\r\nNIMULE: (+211) 915360915\r\nKAMPALA: (+256) 755555164\r\nARUA: (+256) 703319874\r\nJUBA: (+211977799990)', 'Loms', 'skin-green-light', 3, 1),
(3, 4, 2, 'passport,national_id', 6, 3, '', 'YEI: (+211) 955002597\r\nKOBOKO: (+256) 786045266\r\nKAMPALA: (+256) 392179110\r\nNIMULE: (+211) 915360915\r\nKAMPALA: (+256) 755555164\r\nARUA: (+256) 703319874', 'Loms', 'skin-black', 3, 0),
(4, 5, 2, 'passport,nationalid', 6, 3, '', 'YEI: (+211) 955002597\r\nKOBOKO: (+256) 786045266\r\nKAMPALA: (+256) 392179110\r\nNIMULE: (+211) 915360915\r\nKAMPALA: (+256) 755555164\r\nARUA: (+256) 703319874\r\nJUBA: (+211977799990)', 'Loms', 'skin-blue', 4, 0),
(5, 2, 2, 'passport,nationalid', 6, 3, '', 'YEI: (+211) 955002597\r\nKOBOKO: (+256) 786045266\r\nKAMPALA: (+256) 392179110\r\nNIMULE: (+211) 915360915\r\nKAMPALA: (+256) 755555164\r\nARUA: (+256) 703319874\r\nJUBA: (+211977799990)', 'Loms', 'skin-yellow', 4, 1),
(6, 6, 2, 'passport,nationalid', 6, 3, '', 'YEI: (+211) 955002597\r\nKOBOKO: (+256) 786045266\r\nKAMPALA: (+256) 392179110\r\nNIMULE: (+211) 915360915\r\nKAMPALA: (+256) 755555164\r\nARUA: (+256) 703319874\r\nJUBA: (+211977799990)', 'Loms', 'skin-black-light', 4, 1),
(7, 9, 2, 'passport,nationalid', 6, 3, '', 'YEI: (+211) 955002597\r\nKOBOKO: (+256) 786045266\r\nKAMPALA: (+256) 392179110\r\nNIMULE: (+211) 915360915\r\nKAMPALA: (+256) 755555164\r\nARUA: (+256) 703319874\r\nJUBA: (+211977799990)', 'Loms', 'skin-green', 3, 1);

-- --------------------------------------------------------

--
-- Table structure for table `branches`
--

CREATE TABLE IF NOT EXISTS `branches` (
  `id` smallint(5) unsigned NOT NULL,
  `name` varchar(50) NOT NULL,
  `address` text,
  `phone` varchar(20) DEFAULT NULL,
  `transaction_reference` int(11) NOT NULL DEFAULT '1000000',
  `transaction_reference_for_receiving` int(11) NOT NULL DEFAULT '1000000',
  PRIMARY KEY (`id`)
) ENGINE=InnoDB DEFAULT CHARSET=utf8;

--
-- Dumping data for table `branches`
--

INSERT INTO `branches` (`id`, `name`, `address`, `phone`, `transaction_reference`, `transaction_reference_for_receiving`) VALUES
(1, 'KAMPALA BRANCH', 'KAMPALA', '(+256)392179110', 8, 0),
(2, 'JUBA BRANCH', 'JUBA', '(+211)9777999901', 4, 0),
(4, 'ARUA BRANCH', 'ARUA', '(+256)703319874', 6, 0),
(5, 'KOBOKO BRANCH', 'KOBOKO', '(+256)786045266', 5, 0),
(6, 'NIMULE BRANCH', 'NIMULE BRANCH', '(+211)915360915', 0, 2),
(8, 'YEI BRANCH', 'YEI', '(+211) 955002597', 0, 0),
(9, 'OUT BRANCH', 'OUT BRANCH', '(+256)755555164', 0, 0);

-- --------------------------------------------------------

--
-- Table structure for table `commission_structures`
--

CREATE TABLE IF NOT EXISTS `commission_structures` (
  `id` int(10) NOT NULL AUTO_INCREMENT,
  `name` varchar(100) NOT NULL,
  `description` longtext,
  `enabled` tinyint(1) unsigned NOT NULL DEFAULT '1',
  `pricing_structure` longtext,
  `transaction_type_id` int(10) unsigned NOT NULL COMMENT 'The Transaction type to be executed innorder to log the commission transaction',
  `tag` varchar(32) DEFAULT NULL,
  PRIMARY KEY (`id`)
) ENGINE=InnoDB  DEFAULT CHARSET=utf8 AUTO_INCREMENT=24 ;

--
-- Dumping data for table `commission_structures`
--

INSERT INTO `commission_structures` (`id`, `name`, `description`, `enabled`, `pricing_structure`, `transaction_type_id`, `tag`) VALUES
(1, 'MTN Mobile Money Sending Commission', 'MTN Mobile Money Sending Commission', 1, '{"min_price":["0"],"max_price":["100"],"comm_amount":["12"],"comm_perc":["0"]}', 9, ''),
(5, 'Profits', 'Account to keep commission made', 1, '{"min_price":["1","5","17","21","25"],"max_price":["2","6","18","22","26"],"comm_amount":["3","7","19","23","27"],"comm_perc":["4","8","20","24","29"]}', 1, NULL),
(6, 'USD Profits Kampala', 'Profits made from USD transactions in Kampala', 1, '{"min_price":["0"],"max_price":["1000"],"comm_amount":["10"],"comm_perc":["0"]}', 149, 'ProfitsKampala'),
(7, 'UGX  Profits Kampala', 'Profits made from UGX transactions in Kampala', 1, '{"min_price":["0"],"max_price":["1000"],"comm_amount":["0"],"comm_perc":["0"]}', 148, 'ProfitsKampala'),
(8, 'SSP(Sudanese Pounds) Profits Kampala', 'Profits made from SSP (Sudanese Pounds)transactions in Kampala', 1, '{"min_price":["0"],"max_price":["10000"],"comm_amount":["0"],"comm_perc":["0"]}', 159, 'ProfitsKampala'),
(9, 'USD Profits Yei', 'Profits made from USD transactions in Yei', 1, '{"min_price":["0"],"max_price":["1000"],"comm_amount":["0"],"comm_perc":["0"]}', 150, 'ProfitsYei'),
(10, 'UGX Profits Yei', 'Profits made from UGX transactions in Yei', 1, '{"min_price":["0"],"max_price":["10000"],"comm_amount":["0"],"comm_perc":["0"]}', 151, 'ProfitsYei'),
(11, 'SSP (Sudanese Pounds) Profits Yei', 'Profits made from SSP (Sudanese Pounds)transactions in Yei', 1, '{"min_price":["0"],"max_price":["10000"],"comm_amount":["0"],"comm_perc":["0"]}', 152, 'ProfitsYei'),
(12, 'SSP (Sudanese Pounds) Profits Arua', 'Profits made from SSP (Sudanese Pounds)transactions in Arua', 1, '{"min_price":["0"],"max_price":["10000"],"comm_amount":["0"],"comm_perc":["0"]}', 153, 'ProfitsArua'),
(13, 'SSP (Sudanese Pounds) Profits Koboko', 'Profits made from SSP (Sudanese Pounds)transactions in Koboko', 1, '{"min_price":["0"],"max_price":["10000"],"comm_amount":["0"],"comm_perc":["0"]}', 156, 'ProfitsKoboko'),
(14, 'SSP (Sudanese Pounds) Profits Juba', 'Profits made from SSP(Sudanese Pounds)transactions in Juba', 1, '{"min_price":["0"],"max_price":["10000"],"comm_amount":["0"],"comm_perc":["0"]}', 159, 'ProfitsJuba'),
(15, 'SSP (Sudanese Pounds) Profits Nimule', 'Profits made from SSP (Sudanese Pounds)transactions in Nimule', 1, '{"min_price":["0"],"max_price":["10000"],"comm_amount":["0"],"comm_perc":["0"]}', 162, 'ProfitsNimule'),
(16, 'UGX Profits Nimule', 'Profits made from UGX transactions in Nimule', 1, '{"min_price":["1","100","1000"],"max_price":["100","1000","10000"],"comm_amount":["0","0","0"],"comm_perc":["0","0","0"]}', 163, 'ProfitsNimule'),
(17, 'UGX Profits Juba', 'Profits made from UGX transactions in Juba', 1, '{"min_price":["0"],"max_price":["10000"],"comm_amount":["0"],"comm_perc":["0"]}', 160, 'ProfitsJuba'),
(18, 'UGX Profits Koboko', 'Profits made from UGX transactions in Koboko', 1, '{"min_price":["0"],"max_price":["10000"],"comm_amount":["0"],"comm_perc":["0"]}', 157, 'ProfitsKoboko'),
(19, 'UGX Profits Arua', 'Profits made from UGX transactions in Arua', 1, '{"min_price":["0"],"max_price":["10000"],"comm_amount":["0"],"comm_perc":["0"]}', 154, 'ProfitsArua'),
(20, 'USD Profits Arua', 'Profits made from USD transactions in Arua', 1, '{"min_price":["0"],"max_price":["10000"],"comm_amount":["0"],"comm_perc":["0"]}', 155, 'ProfitsArua'),
(21, 'USD Profits Koboko', 'Profits made from USD transactions in Koboko', 1, '{"min_price":["0"],"max_price":["1000"],"comm_amount":["0"],"comm_perc":["0"]}', 158, 'ProfitsKoboko'),
(22, 'USD Profits Juba', 'Profits made from USD transactions in Juba', 1, '{"min_price":["0"],"max_price":["1000"],"comm_amount":["0"],"comm_perc":["0"]}', 161, 'ProfitsJuba'),
(23, 'USD Profits Nimule', 'Profits made from USD transactions in Nimule', 1, '{"min_price":["0"],"max_price":["1000"],"comm_amount":["0"],"comm_perc":["0"]}', 164, 'ProfitsNimule');

-- --------------------------------------------------------

--
-- Table structure for table `currencies`
--

CREATE TABLE IF NOT EXISTS `currencies` (
  `id` varchar(3) NOT NULL,
  `name` varchar(32) NOT NULL,
  `priority` int(10) NOT NULL DEFAULT '20',
  PRIMARY KEY (`id`)
) ENGINE=InnoDB DEFAULT CHARSET=utf8;

--
-- Dumping data for table `currencies`
--

INSERT INTO `currencies` (`id`, `name`, `priority`) VALUES
('GBP', 'GBP - United Kingdom Pound', 20),
('SSP', 'SSP - Sudan Pound', 20),
('UGX', 'UGX - Uganda Shillings', 20),
('USD', 'USD - United States Dollar', 20);

-- --------------------------------------------------------

--
-- Table structure for table `customers`
--

CREATE TABLE IF NOT EXISTS `customers` (
  `id` int(10) unsigned NOT NULL AUTO_INCREMENT,
  `branch_id` int(10) unsigned NOT NULL,
  `name` varchar(50) NOT NULL,
  `phone` varchar(20) DEFAULT NULL,
  `email` varchar(100) DEFAULT NULL,
  `identity` varchar(30) DEFAULT NULL,
  `identity_type` varchar(30) DEFAULT NULL,
  `custom_fields` text,
  `identification_img` varchar(16) NOT NULL DEFAULT 'default.png',
  PRIMARY KEY (`id`)
) ENGINE=InnoDB  DEFAULT CHARSET=utf8 AUTO_INCREMENT=15 ;

--
-- Dumping data for table `customers`
--

INSERT INTO `customers` (`id`, `branch_id`, `name`, `phone`, `email`, `identity`, `identity_type`, `custom_fields`, `identification_img`) VALUES
(11, 9, 'volt depositor', '07012036589', 'depositor@gmail.com', 'B01234453445', 'passport', '[]', 'default.png'),
(12, 2, 'bob', '07012036589', 'bob@gmail.com', 'B01234453445', 'passport', '[]', 'default.png'),
(13, 1, 'Banja Moses', '07012036589', 'banja@gmail.com', '', 'passport', '[]', 'default.png'),
(14, 1, 'mika', '07012036589', '', '', 'passport', '[]', 'default.png');

-- --------------------------------------------------------

--
-- Table structure for table `roles`
--

CREATE TABLE IF NOT EXISTS `roles` (
  `id` int(11) NOT NULL AUTO_INCREMENT,
  `title` varchar(20) CHARACTER SET utf8 NOT NULL,
  `alias` varchar(20) CHARACTER SET utf8 DEFAULT NULL,
  `created` datetime DEFAULT NULL,
  `modified` datetime DEFAULT NULL,
  PRIMARY KEY (`id`),
  UNIQUE KEY `role_alias` (`alias`)
) ENGINE=InnoDB  DEFAULT CHARSET=latin1 AUTO_INCREMENT=11 ;

--
-- Dumping data for table `roles`
--

INSERT INTO `roles` (`id`, `title`, `alias`, `created`, `modified`) VALUES
(1, 'Super Admin', 'super_admin', '2009-04-05 00:10:34', '2009-04-05 00:10:34'),
(7, 'Employee', 'employee', '2016-12-12 16:31:47', '2016-12-12 16:31:47'),
(8, 'Cashiers', 'cashiers', '2016-12-12 16:32:42', '2016-12-12 16:32:42'),
(9, 'Admin', 'admin', '2017-01-04 20:54:55', '2017-01-04 20:54:55'),
(10, 'Api', 'api', '2017-09-06 00:35:54', '2017-09-06 00:35:54');

-- --------------------------------------------------------

--
-- Table structure for table `role_permissions`
--

CREATE TABLE IF NOT EXISTS `role_permissions` (
  `id` int(10) unsigned NOT NULL AUTO_INCREMENT,
  `role_id` int(10) unsigned NOT NULL,
  `controller` varchar(32) NOT NULL,
  `action` varchar(32) NOT NULL,
  `enabled` tinyint(1) NOT NULL DEFAULT '0',
  `description` varchar(64) NOT NULL,
  PRIMARY KEY (`id`),
  KEY `controller` (`controller`,`action`)
) ENGINE=InnoDB  DEFAULT CHARSET=utf8 AUTO_INCREMENT=393 ;

--
-- Dumping data for table `role_permissions`
--

INSERT INTO `role_permissions` (`id`, `role_id`, `controller`, `action`, `enabled`, `description`) VALUES
(1, 7, 'Currencies', 'index', 1, 'index Currencies'),
(2, 7, 'Currencies', 'view', 1, 'view Currencies'),
(3, 7, 'Currencies', 'add', 1, 'add Currencies'),
(4, 7, 'Currencies', 'edit', 1, 'edit Currencies'),
(5, 7, 'Currencies', 'delete', 0, 'delete Currencies'),
(6, 8, 'Currencies', 'index', 0, 'index Currencies'),
(7, 8, 'Currencies', 'view', 0, 'view Currencies'),
(8, 8, 'Currencies', 'add', 0, 'add Currencies'),
(9, 8, 'Currencies', 'edit', 0, 'edit Currencies'),
(10, 8, 'Currencies', 'delete', 0, 'delete Currencies'),
(11, 9, 'Currencies', 'index', 1, 'index Currencies'),
(12, 9, 'Currencies', 'view', 1, 'view Currencies'),
(13, 9, 'Currencies', 'add', 1, 'add Currencies'),
(14, 9, 'Currencies', 'edit', 1, 'edit Currencies'),
(15, 9, 'Currencies', 'delete', 1, 'delete Currencies'),
(16, 7, 'CommissionStructures', 'index', 0, 'index CommissionStructures'),
(17, 7, 'CommissionStructures', 'view', 0, 'view CommissionStructures'),
(18, 7, 'CommissionStructures', 'add', 0, 'add CommissionStructures'),
(19, 7, 'CommissionStructures', 'edit', 0, 'edit CommissionStructures'),
(20, 7, 'CommissionStructures', 'delete', 0, 'delete CommissionStructures'),
(21, 8, 'CommissionStructures', 'index', 0, 'index CommissionStructures'),
(22, 8, 'CommissionStructures', 'view', 0, 'view CommissionStructures'),
(23, 8, 'CommissionStructures', 'add', 0, 'add CommissionStructures'),
(24, 8, 'CommissionStructures', 'edit', 0, 'edit CommissionStructures'),
(25, 8, 'CommissionStructures', 'delete', 0, 'delete CommissionStructures'),
(26, 9, 'CommissionStructures', 'index', 1, 'index CommissionStructures'),
(27, 9, 'CommissionStructures', 'view', 1, 'view CommissionStructures'),
(28, 9, 'CommissionStructures', 'add', 1, 'add CommissionStructures'),
(29, 9, 'CommissionStructures', 'edit', 1, 'edit CommissionStructures'),
(30, 9, 'CommissionStructures', 'delete', 1, 'delete CommissionStructures'),
(31, 7, 'Branches', 'index', 0, 'index Branches'),
(32, 7, 'Branches', 'view', 0, 'view Branches'),
(33, 7, 'Branches', 'add', 0, 'add Branches'),
(34, 7, 'Branches', 'edit', 0, 'edit Branches'),
(35, 7, 'Branches', 'delete', 0, 'delete Branches'),
(36, 8, 'Branches', 'index', 0, 'index Branches'),
(37, 8, 'Branches', 'view', 0, 'view Branches'),
(38, 8, 'Branches', 'add', 0, 'add Branches'),
(39, 8, 'Branches', 'edit', 0, 'edit Branches'),
(40, 8, 'Branches', 'delete', 0, 'delete Branches'),
(41, 9, 'Branches', 'index', 0, 'index Branches'),
(42, 9, 'Branches', 'view', 0, 'view Branches'),
(43, 9, 'Branches', 'add', 0, 'add Branches'),
(44, 9, 'Branches', 'edit', 0, 'edit Branches'),
(45, 9, 'Branches', 'delete', 0, 'delete Branches'),
(46, 7, 'AppSettings', 'index', 0, 'index AppSettings'),
(47, 7, 'AppSettings', 'view', 0, 'view AppSettings'),
(48, 7, 'AppSettings', 'add', 0, 'add AppSettings'),
(49, 7, 'AppSettings', 'edit', 0, 'edit AppSettings'),
(50, 7, 'AppSettings', 'delete', 0, 'delete AppSettings'),
(51, 8, 'AppSettings', 'index', 0, 'index AppSettings'),
(52, 8, 'AppSettings', 'view', 0, 'view AppSettings'),
(53, 8, 'AppSettings', 'add', 0, 'add AppSettings'),
(54, 8, 'AppSettings', 'edit', 0, 'edit AppSettings'),
(55, 8, 'AppSettings', 'delete', 0, 'delete AppSettings'),
(56, 9, 'AppSettings', 'index', 1, 'index AppSettings'),
(57, 9, 'AppSettings', 'view', 1, 'view AppSettings'),
(58, 9, 'AppSettings', 'add', 1, 'add AppSettings'),
(59, 9, 'AppSettings', 'edit', 1, 'edit AppSettings'),
(60, 9, 'AppSettings', 'delete', 1, 'delete AppSettings'),
(61, 7, 'AccountTypes', 'index', 0, 'index AccountTypes'),
(62, 7, 'AccountTypes', 'view', 0, 'view AccountTypes'),
(63, 7, 'AccountTypes', 'add', 0, 'add AccountTypes'),
(64, 7, 'AccountTypes', 'edit', 0, 'edit AccountTypes'),
(65, 7, 'AccountTypes', 'delete', 0, 'delete AccountTypes'),
(66, 8, 'AccountTypes', 'index', 0, 'index AccountTypes'),
(67, 8, 'AccountTypes', 'view', 0, 'view AccountTypes'),
(68, 8, 'AccountTypes', 'add', 0, 'add AccountTypes'),
(69, 8, 'AccountTypes', 'edit', 0, 'edit AccountTypes'),
(70, 8, 'AccountTypes', 'delete', 0, 'delete AccountTypes'),
(71, 9, 'AccountTypes', 'index', 1, 'index AccountTypes'),
(72, 9, 'AccountTypes', 'view', 1, 'view AccountTypes'),
(73, 9, 'AccountTypes', 'add', 1, 'add AccountTypes'),
(74, 9, 'AccountTypes', 'edit', 1, 'edit AccountTypes'),
(75, 9, 'AccountTypes', 'delete', 1, 'delete AccountTypes'),
(76, 7, 'Accounts', 'accountBalance', 0, 'accountBalance Accounts'),
(77, 7, 'Accounts', 'index', 0, 'index Accounts'),
(78, 7, 'Accounts', 'view', 0, 'view Accounts'),
(79, 7, 'Accounts', 'add', 0, 'add Accounts'),
(80, 7, 'Accounts', 'edit', 0, 'edit Accounts'),
(81, 7, 'Accounts', 'delete', 0, 'delete Accounts'),
(82, 8, 'Accounts', 'accountBalance', 0, 'accountBalance Accounts'),
(83, 8, 'Accounts', 'index', 0, 'index Accounts'),
(84, 8, 'Accounts', 'view', 0, 'view Accounts'),
(85, 8, 'Accounts', 'add', 0, 'add Accounts'),
(86, 8, 'Accounts', 'edit', 0, 'edit Accounts'),
(87, 8, 'Accounts', 'delete', 0, 'delete Accounts'),
(88, 9, 'Accounts', 'accountBalance', 1, 'accountBalance Accounts'),
(89, 9, 'Accounts', 'index', 1, 'index Accounts'),
(90, 9, 'Accounts', 'view', 1, 'view Accounts'),
(91, 9, 'Accounts', 'add', 1, 'add Accounts'),
(92, 9, 'Accounts', 'edit', 1, 'edit Accounts'),
(93, 9, 'Accounts', 'delete', 1, 'delete Accounts'),
(94, 7, 'CustomerAccountTypes', 'index', 1, 'index CustomerAccountTypes'),
(95, 7, 'CustomerAccountTypes', 'view', 1, 'view CustomerAccountTypes'),
(96, 7, 'CustomerAccountTypes', 'add', 0, 'add CustomerAccountTypes'),
(97, 7, 'CustomerAccountTypes', 'edit', 0, 'edit CustomerAccountTypes'),
(98, 7, 'CustomerAccountTypes', 'delete', 0, 'delete CustomerAccountTypes'),
(99, 8, 'CustomerAccountTypes', 'index', 1, 'index CustomerAccountTypes'),
(100, 8, 'CustomerAccountTypes', 'view', 1, 'view CustomerAccountTypes'),
(101, 8, 'CustomerAccountTypes', 'add', 0, 'add CustomerAccountTypes'),
(102, 8, 'CustomerAccountTypes', 'edit', 0, 'edit CustomerAccountTypes'),
(103, 8, 'CustomerAccountTypes', 'delete', 0, 'delete CustomerAccountTypes'),
(104, 9, 'CustomerAccountTypes', 'index', 1, 'index CustomerAccountTypes'),
(105, 9, 'CustomerAccountTypes', 'view', 1, 'view CustomerAccountTypes'),
(106, 9, 'CustomerAccountTypes', 'add', 1, 'add CustomerAccountTypes'),
(107, 9, 'CustomerAccountTypes', 'edit', 1, 'edit CustomerAccountTypes'),
(108, 9, 'CustomerAccountTypes', 'delete', 1, 'delete CustomerAccountTypes'),
(109, 7, 'Customers', 'index', 1, 'index Customers'),
(110, 7, 'Customers', 'view', 1, 'view Customers'),
(111, 7, 'Customers', 'add', 1, 'add Customers'),
(112, 7, 'Customers', 'edit', 1, 'edit Customers'),
(113, 7, 'Customers', 'delete', 0, 'delete Customers'),
(114, 7, 'Customers', 'editImages', 1, 'editImages Customers'),
(115, 8, 'Customers', 'index', 1, 'index Customers'),
(116, 8, 'Customers', 'view', 1, 'view Customers'),
(117, 8, 'Customers', 'add', 1, 'add Customers'),
(118, 8, 'Customers', 'edit', 1, 'edit Customers'),
(119, 8, 'Customers', 'delete', 0, 'delete Customers'),
(120, 8, 'Customers', 'editImages', 1, 'editImages Customers'),
(121, 9, 'Customers', 'index', 1, 'index Customers'),
(122, 9, 'Customers', 'view', 1, 'view Customers'),
(123, 9, 'Customers', 'add', 1, 'add Customers'),
(124, 9, 'Customers', 'edit', 1, 'edit Customers'),
(125, 9, 'Customers', 'delete', 1, 'delete Customers'),
(126, 9, 'Customers', 'editImages', 1, 'editImages Customers'),
(127, 7, 'Dashboards', 'index', 1, 'index Dashboards'),
(128, 8, 'Dashboards', 'index', 1, 'index Dashboards'),
(129, 9, 'Dashboards', 'index', 1, 'index Dashboards'),
(130, 7, 'Pages', 'display', 1, 'display Pages'),
(131, 8, 'Pages', 'display', 1, 'display Pages'),
(132, 9, 'Pages', 'display', 1, 'display Pages'),
(133, 7, 'RolePermissions', 'getPermissionStatuses', 0, 'getPermissionStatuses RolePermissions'),
(134, 7, 'RolePermissions', 'togglePermissionStatus', 0, 'togglePermissionStatus RolePermissions'),
(135, 7, 'RolePermissions', 'viewPermisionsTable', 0, 'viewPermisionsTable RolePermissions'),
(136, 7, 'RolePermissions', 'index', 0, 'index RolePermissions'),
(137, 7, 'RolePermissions', 'view', 0, 'view RolePermissions'),
(138, 7, 'RolePermissions', 'add', 0, 'add RolePermissions'),
(139, 7, 'RolePermissions', 'edit', 0, 'edit RolePermissions'),
(140, 7, 'RolePermissions', 'delete', 0, 'delete RolePermissions'),
(141, 8, 'RolePermissions', 'getPermissionStatuses', 0, 'getPermissionStatuses RolePermissions'),
(142, 8, 'RolePermissions', 'togglePermissionStatus', 0, 'togglePermissionStatus RolePermissions'),
(143, 8, 'RolePermissions', 'viewPermisionsTable', 0, 'viewPermisionsTable RolePermissions'),
(144, 8, 'RolePermissions', 'index', 0, 'index RolePermissions'),
(145, 8, 'RolePermissions', 'view', 0, 'view RolePermissions'),
(146, 8, 'RolePermissions', 'add', 0, 'add RolePermissions'),
(147, 8, 'RolePermissions', 'edit', 0, 'edit RolePermissions'),
(148, 8, 'RolePermissions', 'delete', 0, 'delete RolePermissions'),
(149, 9, 'RolePermissions', 'getPermissionStatuses', 1, 'getPermissionStatuses RolePermissions'),
(150, 9, 'RolePermissions', 'togglePermissionStatus', 1, 'togglePermissionStatus RolePermissions'),
(151, 9, 'RolePermissions', 'viewPermisionsTable', 1, 'viewPermisionsTable RolePermissions'),
(152, 9, 'RolePermissions', 'index', 1, 'index RolePermissions'),
(153, 9, 'RolePermissions', 'view', 1, 'view RolePermissions'),
(154, 9, 'RolePermissions', 'add', 1, 'add RolePermissions'),
(155, 9, 'RolePermissions', 'edit', 1, 'edit RolePermissions'),
(156, 9, 'RolePermissions', 'delete', 1, 'delete RolePermissions'),
(157, 7, 'Roles', 'index', 0, 'index Roles'),
(158, 7, 'Roles', 'view', 0, 'view Roles'),
(159, 7, 'Roles', 'add', 0, 'add Roles'),
(160, 7, 'Roles', 'edit', 0, 'edit Roles'),
(161, 7, 'Roles', 'delete', 0, 'delete Roles'),
(162, 8, 'Roles', 'index', 0, 'index Roles'),
(163, 8, 'Roles', 'view', 0, 'view Roles'),
(164, 8, 'Roles', 'add', 0, 'add Roles'),
(165, 8, 'Roles', 'edit', 0, 'edit Roles'),
(166, 8, 'Roles', 'delete', 0, 'delete Roles'),
(167, 9, 'Roles', 'index', 1, 'index Roles'),
(168, 9, 'Roles', 'view', 1, 'view Roles'),
(169, 9, 'Roles', 'add', 1, 'add Roles'),
(170, 9, 'Roles', 'edit', 1, 'edit Roles'),
(171, 9, 'Roles', 'delete', 1, 'delete Roles'),
(172, 7, 'TransactionStatuses', 'index', 0, 'index TransactionStatuses'),
(173, 7, 'TransactionStatuses', 'view', 0, 'view TransactionStatuses'),
(174, 7, 'TransactionStatuses', 'add', 0, 'add TransactionStatuses'),
(175, 7, 'TransactionStatuses', 'edit', 0, 'edit TransactionStatuses'),
(176, 7, 'TransactionStatuses', 'delete', 0, 'delete TransactionStatuses'),
(177, 8, 'TransactionStatuses', 'index', 1, 'index TransactionStatuses'),
(178, 8, 'TransactionStatuses', 'view', 1, 'view TransactionStatuses'),
(179, 8, 'TransactionStatuses', 'add', 0, 'add TransactionStatuses'),
(180, 8, 'TransactionStatuses', 'edit', 0, 'edit TransactionStatuses'),
(181, 8, 'TransactionStatuses', 'delete', 0, 'delete TransactionStatuses'),
(182, 9, 'TransactionStatuses', 'index', 1, 'index TransactionStatuses'),
(183, 9, 'TransactionStatuses', 'view', 1, 'view TransactionStatuses'),
(184, 9, 'TransactionStatuses', 'add', 1, 'add TransactionStatuses'),
(185, 9, 'TransactionStatuses', 'edit', 1, 'edit TransactionStatuses'),
(186, 9, 'TransactionStatuses', 'delete', 1, 'delete TransactionStatuses'),
(187, 7, 'TransactionTypes', 'flow', 0, 'flow TransactionTypes'),
(188, 7, 'TransactionTypes', 'index', 0, 'index TransactionTypes'),
(189, 7, 'TransactionTypes', 'listTypes', 0, 'listTypes TransactionTypes'),
(190, 7, 'TransactionTypes', 'view', 0, 'view TransactionTypes'),
(191, 7, 'TransactionTypes', 'add', 0, 'add TransactionTypes'),
(192, 7, 'TransactionTypes', 'edit', 0, 'edit TransactionTypes'),
(193, 7, 'TransactionTypes', 'delete', 0, 'delete TransactionTypes'),
(194, 8, 'TransactionTypes', 'flow', 0, 'flow TransactionTypes'),
(195, 8, 'TransactionTypes', 'index', 1, 'index TransactionTypes'),
(196, 8, 'TransactionTypes', 'listTypes', 1, 'listTypes TransactionTypes'),
(197, 8, 'TransactionTypes', 'view', 1, 'view TransactionTypes'),
(198, 8, 'TransactionTypes', 'add', 0, 'add TransactionTypes'),
(199, 8, 'TransactionTypes', 'edit', 1, 'edit TransactionTypes'),
(200, 8, 'TransactionTypes', 'delete', 0, 'delete TransactionTypes'),
(201, 9, 'TransactionTypes', 'flow', 1, 'flow TransactionTypes'),
(202, 9, 'TransactionTypes', 'index', 1, 'index TransactionTypes'),
(203, 9, 'TransactionTypes', 'listTypes', 1, 'listTypes TransactionTypes'),
(204, 9, 'TransactionTypes', 'view', 1, 'view TransactionTypes'),
(205, 9, 'TransactionTypes', 'add', 1, 'add TransactionTypes'),
(206, 9, 'TransactionTypes', 'edit', 1, 'edit TransactionTypes'),
(207, 9, 'TransactionTypes', 'delete', 1, 'delete TransactionTypes'),
(208, 7, 'Transactions', 'receipt', 0, 'receipt Transactions'),
(209, 7, 'Transactions', 'index', 0, 'index Transactions'),
(210, 7, 'Transactions', 'statement', 0, 'statement Transactions'),
(211, 7, 'Transactions', 'balance', 0, 'balance Transactions'),
(212, 7, 'Transactions', 'view', 0, 'view Transactions'),
(213, 7, 'Transactions', 'add', 0, 'add Transactions'),
(214, 7, 'Transactions', 'edit', 0, 'edit Transactions'),
(215, 7, 'Transactions', 'completeTransaction', 0, 'completeTransaction Transactions'),
(216, 7, 'Transactions', 'delete', 0, 'delete Transactions'),
(217, 8, 'Transactions', 'receipt', 1, 'receipt Transactions'),
(218, 8, 'Transactions', 'index', 1, 'index Transactions'),
(219, 8, 'Transactions', 'statement', 1, 'statement Transactions'),
(220, 8, 'Transactions', 'balance', 1, 'balance Transactions'),
(221, 8, 'Transactions', 'view', 1, 'view Transactions'),
(222, 8, 'Transactions', 'add', 1, 'add Transactions'),
(223, 8, 'Transactions', 'edit', 0, 'edit Transactions'),
(224, 8, 'Transactions', 'completeTransaction', 1, 'completeTransaction Transactions'),
(225, 8, 'Transactions', 'delete', 0, 'delete Transactions'),
(226, 9, 'Transactions', 'receipt', 1, 'receipt Transactions'),
(227, 9, 'Transactions', 'index', 1, 'index Transactions'),
(228, 9, 'Transactions', 'statement', 1, 'statement Transactions'),
(229, 9, 'Transactions', 'balance', 1, 'balance Transactions'),
(230, 9, 'Transactions', 'view', 1, 'view Transactions'),
(231, 9, 'Transactions', 'add', 0, 'add Transactions'),
(232, 9, 'Transactions', 'edit', 1, 'edit Transactions'),
(233, 9, 'Transactions', 'completeTransaction', 0, 'completeTransaction Transactions'),
(234, 9, 'Transactions', 'delete', 1, 'delete Transactions'),
(235, 7, 'Users', 'logout', 1, 'logout Users'),
(236, 7, 'Users', 'login', 1, 'login Users'),
(237, 7, 'Users', 'index', 0, 'index Users'),
(238, 7, 'Users', 'view', 0, 'view Users'),
(239, 7, 'Users', 'add', 0, 'add Users'),
(240, 7, 'Users', 'edit', 0, 'edit Users'),
(241, 7, 'Users', 'delete', 0, 'delete Users'),
(242, 8, 'Users', 'logout', 1, 'logout Users'),
(243, 8, 'Users', 'login', 1, 'login Users'),
(244, 8, 'Users', 'index', 0, 'index Users'),
(245, 8, 'Users', 'view', 0, 'view Users'),
(246, 8, 'Users', 'add', 0, 'add Users'),
(247, 8, 'Users', 'edit', 0, 'edit Users'),
(248, 8, 'Users', 'delete', 0, 'delete Users'),
(249, 9, 'Users', 'logout', 1, 'logout Users'),
(250, 9, 'Users', 'login', 1, 'login Users'),
(251, 9, 'Users', 'index', 1, 'index Users'),
(252, 9, 'Users', 'view', 1, 'view Users'),
(253, 9, 'Users', 'add', 1, 'add Users'),
(254, 9, 'Users', 'edit', 1, 'edit Users'),
(255, 9, 'Users', 'delete', 1, 'delete Users'),
(256, 7, 'Accounts', '_accountBalance', 0, '_accountBalance Accounts'),
(257, 8, 'Accounts', '_accountBalance', 0, '_accountBalance Accounts'),
(258, 9, 'Accounts', '_accountBalance', 1, '_accountBalance Accounts'),
(259, 7, 'TransactionTypes', 'indexNonCommission', 0, 'indexNonCommission TransactionTypes'),
(260, 7, 'TransactionTypes', 'indexCommission', 0, 'indexCommission TransactionTypes'),
(261, 8, 'TransactionTypes', 'indexNonCommission', 1, 'indexNonCommission TransactionTypes'),
(262, 8, 'TransactionTypes', 'indexCommission', 1, 'indexCommission TransactionTypes'),
(263, 9, 'TransactionTypes', 'indexNonCommission', 1, 'indexNonCommission TransactionTypes'),
(264, 9, 'TransactionTypes', 'indexCommission', 1, 'indexCommission TransactionTypes'),
(265, 7, 'TransactionTypes', 'indexLinkedTypes', 0, 'indexLinkedTypes TransactionTypes'),
(266, 8, 'TransactionTypes', 'indexLinkedTypes', 1, 'indexLinkedTypes TransactionTypes'),
(267, 9, 'TransactionTypes', 'indexLinkedTypes', 0, 'indexLinkedTypes TransactionTypes'),
(268, 10, 'AppSettings', 'index', 0, 'index AppSettings'),
(269, 10, 'AppSettings', 'view', 0, 'view AppSettings'),
(270, 10, 'AppSettings', 'add', 0, 'add AppSettings'),
(271, 10, 'AppSettings', 'edit', 0, 'edit AppSettings'),
(272, 10, 'AppSettings', 'delete', 0, 'delete AppSettings'),
(273, 10, 'AccountTypes', 'index', 0, 'index AccountTypes'),
(274, 10, 'AccountTypes', 'view', 0, 'view AccountTypes'),
(275, 10, 'AccountTypes', 'add', 0, 'add AccountTypes'),
(276, 10, 'AccountTypes', 'edit', 0, 'edit AccountTypes'),
(277, 10, 'AccountTypes', 'delete', 0, 'delete AccountTypes'),
(278, 10, 'Accounts', 'accountBalance', 0, 'accountBalance Accounts'),
(279, 10, 'Accounts', '_accountBalance', 0, '_accountBalance Accounts'),
(280, 10, 'Accounts', 'index', 0, 'index Accounts'),
(281, 10, 'Accounts', 'view', 0, 'view Accounts'),
(282, 10, 'Accounts', 'add', 0, 'add Accounts'),
(283, 10, 'Accounts', 'edit', 0, 'edit Accounts'),
(284, 10, 'Accounts', 'delete', 0, 'delete Accounts'),
(285, 10, 'Branches', 'index', 0, 'index Branches'),
(286, 10, 'Branches', 'view', 0, 'view Branches'),
(287, 10, 'Branches', 'add', 0, 'add Branches'),
(288, 10, 'Branches', 'edit', 0, 'edit Branches'),
(289, 10, 'Branches', 'delete', 0, 'delete Branches'),
(290, 10, 'CommissionStructures', 'index', 0, 'index CommissionStructures'),
(291, 10, 'CommissionStructures', 'view', 0, 'view CommissionStructures'),
(292, 10, 'CommissionStructures', 'add', 0, 'add CommissionStructures'),
(293, 10, 'CommissionStructures', 'edit', 0, 'edit CommissionStructures'),
(294, 10, 'CommissionStructures', 'delete', 0, 'delete CommissionStructures'),
(295, 10, 'Currencies', 'index', 0, 'index Currencies'),
(296, 10, 'Currencies', 'view', 0, 'view Currencies'),
(297, 10, 'Currencies', 'add', 0, 'add Currencies'),
(298, 10, 'Currencies', 'edit', 0, 'edit Currencies'),
(299, 10, 'Currencies', 'delete', 0, 'delete Currencies'),
(300, 10, 'CustomerAccountTypes', 'index', 0, 'index CustomerAccountTypes'),
(301, 10, 'CustomerAccountTypes', 'view', 0, 'view CustomerAccountTypes'),
(302, 10, 'CustomerAccountTypes', 'add', 0, 'add CustomerAccountTypes'),
(303, 10, 'CustomerAccountTypes', 'edit', 0, 'edit CustomerAccountTypes'),
(304, 10, 'CustomerAccountTypes', 'delete', 0, 'delete CustomerAccountTypes'),
(305, 10, 'Customers', 'index', 0, 'index Customers'),
(306, 10, 'Customers', 'view', 0, 'view Customers'),
(307, 10, 'Customers', 'add', 0, 'add Customers'),
(308, 10, 'Customers', 'edit', 0, 'edit Customers'),
(309, 10, 'Customers', 'delete', 0, 'delete Customers'),
(310, 10, 'Customers', 'editImages', 0, 'editImages Customers'),
(311, 7, 'Dashboards', 'dailyBalancing', 0, 'dailyBalancing Dashboards'),
(312, 8, 'Dashboards', 'dailyBalancing', 1, 'dailyBalancing Dashboards'),
(313, 9, 'Dashboards', 'dailyBalancing', 1, 'dailyBalancing Dashboards'),
(314, 10, 'Dashboards', 'index', 0, 'index Dashboards'),
(315, 10, 'Dashboards', 'dailyBalancing', 0, 'dailyBalancing Dashboards'),
(316, 10, 'Pages', 'display', 0, 'display Pages'),
(317, 10, 'RolePermissions', 'getPermissionStatuses', 0, 'getPermissionStatuses RolePermissions'),
(318, 10, 'RolePermissions', 'togglePermissionStatus', 0, 'togglePermissionStatus RolePermissions'),
(319, 10, 'RolePermissions', 'viewPermisionsTable', 0, 'viewPermisionsTable RolePermissions'),
(320, 10, 'RolePermissions', 'index', 0, 'index RolePermissions'),
(321, 10, 'RolePermissions', 'view', 0, 'view RolePermissions'),
(322, 10, 'RolePermissions', 'add', 0, 'add RolePermissions'),
(323, 10, 'RolePermissions', 'edit', 0, 'edit RolePermissions'),
(324, 10, 'RolePermissions', 'delete', 0, 'delete RolePermissions'),
(325, 10, 'Roles', 'index', 0, 'index Roles'),
(326, 10, 'Roles', 'view', 0, 'view Roles'),
(327, 10, 'Roles', 'add', 0, 'add Roles'),
(328, 10, 'Roles', 'edit', 0, 'edit Roles'),
(329, 10, 'Roles', 'delete', 0, 'delete Roles'),
(330, 10, 'TransactionStatuses', 'index', 0, 'index TransactionStatuses'),
(331, 10, 'TransactionStatuses', 'view', 0, 'view TransactionStatuses'),
(332, 10, 'TransactionStatuses', 'add', 0, 'add TransactionStatuses'),
(333, 10, 'TransactionStatuses', 'edit', 0, 'edit TransactionStatuses'),
(334, 10, 'TransactionStatuses', 'delete', 0, 'delete TransactionStatuses'),
(335, 10, 'TransactionTypes', 'flow', 0, 'flow TransactionTypes'),
(336, 10, 'TransactionTypes', 'index', 0, 'index TransactionTypes'),
(337, 10, 'TransactionTypes', 'indexLinkedTypes', 0, 'indexLinkedTypes TransactionTypes'),
(338, 10, 'TransactionTypes', 'indexNonCommission', 0, 'indexNonCommission TransactionTypes'),
(339, 10, 'TransactionTypes', 'indexCommission', 0, 'indexCommission TransactionTypes'),
(340, 10, 'TransactionTypes', 'listTypes', 0, 'listTypes TransactionTypes'),
(341, 10, 'TransactionTypes', 'view', 0, 'view TransactionTypes'),
(342, 10, 'TransactionTypes', 'add', 0, 'add TransactionTypes'),
(343, 10, 'TransactionTypes', 'edit', 0, 'edit TransactionTypes'),
(344, 10, 'TransactionTypes', 'delete', 0, 'delete TransactionTypes'),
(345, 7, 'TransactionsApi', 'sendOfflineOnline', 0, 'sendOfflineOnline TransactionsApi'),
(346, 7, 'TransactionsApi', 'receiveOfflineOnline', 0, 'receiveOfflineOnline TransactionsApi'),
(347, 7, 'TransactionsApi', 'getAccessToken', 0, 'getAccessToken TransactionsApi'),
(348, 7, 'TransactionsApi', 'testSetToken', 0, 'testSetToken TransactionsApi'),
(349, 7, 'TransactionsApi', 'testGetTokenData', 0, 'testGetTokenData TransactionsApi'),
(350, 8, 'TransactionsApi', 'sendOfflineOnline', 0, 'sendOfflineOnline TransactionsApi'),
(351, 8, 'TransactionsApi', 'receiveOfflineOnline', 0, 'receiveOfflineOnline TransactionsApi'),
(352, 8, 'TransactionsApi', 'getAccessToken', 0, 'getAccessToken TransactionsApi'),
(353, 8, 'TransactionsApi', 'testSetToken', 0, 'testSetToken TransactionsApi'),
(354, 8, 'TransactionsApi', 'testGetTokenData', 0, 'testGetTokenData TransactionsApi'),
(355, 9, 'TransactionsApi', 'sendOfflineOnline', 0, 'sendOfflineOnline TransactionsApi'),
(356, 9, 'TransactionsApi', 'receiveOfflineOnline', 0, 'receiveOfflineOnline TransactionsApi'),
(357, 9, 'TransactionsApi', 'getAccessToken', 0, 'getAccessToken TransactionsApi'),
(358, 9, 'TransactionsApi', 'testSetToken', 0, 'testSetToken TransactionsApi'),
(359, 9, 'TransactionsApi', 'testGetTokenData', 0, 'testGetTokenData TransactionsApi'),
(360, 10, 'TransactionsApi', 'sendOfflineOnline', 0, 'sendOfflineOnline TransactionsApi'),
(361, 10, 'TransactionsApi', 'receiveOfflineOnline', 0, 'receiveOfflineOnline TransactionsApi'),
(362, 10, 'TransactionsApi', 'getAccessToken', 0, 'getAccessToken TransactionsApi'),
(363, 10, 'TransactionsApi', 'testSetToken', 0, 'testSetToken TransactionsApi'),
(364, 10, 'TransactionsApi', 'testGetTokenData', 0, 'testGetTokenData TransactionsApi'),
(365, 7, 'Transactions', 'sync_offline_online', 0, 'sync_offline_online Transactions'),
(366, 7, 'Transactions', 'add_old', 0, 'add_old Transactions'),
(367, 8, 'Transactions', 'sync_offline_online', 0, 'sync_offline_online Transactions'),
(368, 8, 'Transactions', 'add_old', 0, 'add_old Transactions'),
(369, 9, 'Transactions', 'sync_offline_online', 0, 'sync_offline_online Transactions'),
(370, 9, 'Transactions', 'add_old', 0, 'add_old Transactions'),
(371, 10, 'Transactions', 'sync_offline_online', 0, 'sync_offline_online Transactions'),
(372, 10, 'Transactions', 'receipt', 0, 'receipt Transactions'),
(373, 10, 'Transactions', 'index', 0, 'index Transactions'),
(374, 10, 'Transactions', 'statement', 0, 'statement Transactions'),
(375, 10, 'Transactions', 'balance', 0, 'balance Transactions'),
(376, 10, 'Transactions', 'view', 0, 'view Transactions'),
(377, 10, 'Transactions', 'add_old', 0, 'add_old Transactions'),
(378, 10, 'Transactions', 'add', 0, 'add Transactions'),
(379, 10, 'Transactions', 'edit', 0, 'edit Transactions'),
(380, 10, 'Transactions', 'completeTransaction', 0, 'completeTransaction Transactions'),
(381, 10, 'Transactions', 'delete', 0, 'delete Transactions'),
(382, 10, 'Users', 'logout', 0, 'logout Users'),
(383, 10, 'Users', 'login', 0, 'login Users'),
(384, 10, 'Users', 'index', 0, 'index Users'),
(385, 10, 'Users', 'view', 0, 'view Users'),
(386, 10, 'Users', 'add', 0, 'add Users'),
(387, 10, 'Users', 'edit', 0, 'edit Users'),
(388, 10, 'Users', 'delete', 0, 'delete Users'),
(389, 7, 'Transactions', 'cancelTransaction', 0, 'cancelTransaction Transactions'),
(390, 8, 'Transactions', 'cancelTransaction', 1, 'cancelTransaction Transactions'),
(391, 9, 'Transactions', 'cancelTransaction', 0, 'cancelTransaction Transactions'),
(392, 10, 'Transactions', 'cancelTransaction', 0, 'cancelTransaction Transactions');

-- --------------------------------------------------------

--
-- Table structure for table `transactions`
--

CREATE TABLE IF NOT EXISTS `transactions` (
  `id` int(10) unsigned NOT NULL AUTO_INCREMENT,
  `reference_code` varchar(30) CHARACTER SET latin1 DEFAULT NULL,
  `transaction_type_id` int(10) unsigned NOT NULL,
  `currency_id` varchar(3) NOT NULL,
  `parent_transaction_id` int(10) unsigned NOT NULL DEFAULT '0',
  `transaction_status_id` int(20) unsigned NOT NULL,
  `customer_id` int(10) unsigned DEFAULT NULL,
  `branch_id` smallint(5) unsigned NOT NULL,
  `to_branch_id` smallint(5) unsigned NOT NULL,
  `from_branch_id` smallint(5) unsigned NOT NULL,
  `to_account_id` int(10) unsigned NOT NULL,
  `from_account_id` int(10) unsigned NOT NULL,
  `quantity` double unsigned NOT NULL,
  `amount` double unsigned NOT NULL,
  `value` double unsigned NOT NULL,
  `system_comment` longtext CHARACTER SET latin1,
  `user_comment` longtext CHARACTER SET latin1,
  `created` datetime NOT NULL,
  `created_by_id` int(10) unsigned DEFAULT NULL,
  `modified` datetime NOT NULL,
  `modified_by_id` int(10) unsigned DEFAULT NULL,
  `completed_by_id` int(10) unsigned DEFAULT NULL,
  `target_user_id` int(10) unsigned DEFAULT NULL,
  `custom_fields` longtext,
  `date` datetime DEFAULT NULL,
  `balance_sheet_side` tinyint(1) unsigned NOT NULL DEFAULT '1',
  `commission_structure_id` int(10) unsigned DEFAULT NULL COMMENT 'contains commission structure selected when manually input',
  `completor_branch_id` int(10) unsigned NOT NULL,
  `offline` tinyint(1) NOT NULL DEFAULT '0',
  `offline_form_data` text,
  `received` tinyint(1) NOT NULL DEFAULT '0' COMMENT 'Indicated whether the toBranch received the transaction',
  `status_changed` smallint(1) NOT NULL DEFAULT '0' COMMENT 'manages status changes on transactions',
  PRIMARY KEY (`id`),
  KEY `transaction_type_id` (`transaction_type_id`),
  KEY `reference_code` (`reference_code`)
) ENGINE=InnoDB  DEFAULT CHARSET=utf8 AUTO_INCREMENT=30 ;

-- --------------------------------------------------------

--
-- Table structure for table `transaction_statuses`
--

CREATE TABLE IF NOT EXISTS `transaction_statuses` (
  `id` int(10) unsigned NOT NULL AUTO_INCREMENT,
  `name` varchar(15) NOT NULL,
  PRIMARY KEY (`id`)
) ENGINE=InnoDB  DEFAULT CHARSET=utf8 AUTO_INCREMENT=7 ;

--
-- Dumping data for table `transaction_statuses`
--

INSERT INTO `transaction_statuses` (`id`, `name`) VALUES
(1, 'Pending'),
(2, 'Void'),
(3, 'Cancelled'),
(4, 'Deleted'),
(6, 'Succeded');

-- --------------------------------------------------------

--
-- Table structure for table `transaction_types`
--

CREATE TABLE IF NOT EXISTS `transaction_types` (
  `id` int(10) unsigned NOT NULL AUTO_INCREMENT,
  `from_account_id` int(10) unsigned NOT NULL,
  `to_account_id` int(10) unsigned NOT NULL,
  `from_branch_id` smallint(5) unsigned NOT NULL,
  `to_branch_id` smallint(5) unsigned NOT NULL,
  `branch_id` int(10) unsigned NOT NULL,
  `account_type_id` int(10) unsigned DEFAULT NULL COMMENT 'in case sn acount type is specified, then each transaction will contain the account_id',
  `currency_id` varchar(3) NOT NULL DEFAULT 'UGX',
  `transaction_status_id` int(10) unsigned NOT NULL DEFAULT '1' COMMENT 'default transaction_status when creating transaction',
  `name` varchar(100) NOT NULL,
  `name_on_receipt` varchar(50) DEFAULT NULL,
  `show_on_receipt` tinyint(1) NOT NULL DEFAULT '1',
  `description` longtext NOT NULL,
  `custom_fields` longtext,
  `custom_field_options` text NOT NULL,
  `created` datetime NOT NULL,
  `modified` datetime NOT NULL,
  `add_to_menu` tinyint(1) unsigned NOT NULL DEFAULT '1',
  `super_admin_menu_only` tinyint(1) unsigned NOT NULL DEFAULT '0' COMMENT 'Only the super admin will be able to view this type in the menu',
  `menu_link_title` varchar(100) DEFAULT NULL,
  `balance_sheet_side` tinyint(1) unsigned NOT NULL DEFAULT '1',
  `quantitized` tinyint(1) unsigned NOT NULL DEFAULT '1',
  `enabled` tinyint(1) unsigned NOT NULL DEFAULT '0',
  `commission_structure_id` int(10) unsigned DEFAULT NULL,
  `linked_transaction_type_id` int(10) unsigned DEFAULT NULL COMMENT 'This will be the transaction type that wil  be executed after this current type using the same input fields',
  `priority` int(10) unsigned NOT NULL DEFAULT '20' COMMENT 'the smaller the number the higher the priority',
  `quantity_label` varchar(20) CHARACTER SET latin1 DEFAULT NULL,
  `amount_label` varchar(20) CHARACTER SET latin1 DEFAULT NULL,
  `value_label` varchar(20) CHARACTER SET latin1 DEFAULT NULL,
  `reverse_operant` smallint(1) NOT NULL DEFAULT '0',
  `decimal_places` int(6) unsigned NOT NULL DEFAULT '2',
  `on_create_lock_to_branch_from` tinyint(1) unsigned NOT NULL DEFAULT '1' COMMENT 'This makes sure that the transaction can only be initiated from the branch the money is intende to come from',
  `require_target_user` tinyint(1) unsigned NOT NULL DEFAULT '0',
  PRIMARY KEY (`id`)
) ENGINE=InnoDB  DEFAULT CHARSET=utf8 AUTO_INCREMENT=320 ;

--
-- Dumping data for table `transaction_types`
--

INSERT INTO `transaction_types` (`id`, `from_account_id`, `to_account_id`, `from_branch_id`, `to_branch_id`, `branch_id`, `account_type_id`, `currency_id`, `transaction_status_id`, `name`, `name_on_receipt`, `show_on_receipt`, `description`, `custom_fields`, `custom_field_options`, `created`, `modified`, `add_to_menu`, `super_admin_menu_only`, `menu_link_title`, `balance_sheet_side`, `quantitized`, `enabled`, `commission_structure_id`, `linked_transaction_type_id`, `priority`, `quantity_label`, `amount_label`, `value_label`, `reverse_operant`, `decimal_places`, `on_create_lock_to_branch_from`, `require_target_user`) VALUES
(3, 71, 6, 8, 1, 8, 1, 'USD', 6, 'Send USD to kampala-Yei', 'Amount-USD', 1, 'Send dollars (USD) from the kampala branch to the YEI Branch', 'commission,sender,senders_phone,receiver,receivers_phone', '', '2017-01-17 21:01:04', '2017-09-17 14:35:06', 1, 0, 'Send USD to kampala-Yei', 1, 0, 1, 9, NULL, 20, '', '', 'Amount', 3, 2, 1, 0),
(4, 72, 9, 5, 1, 5, 1, 'USD', 6, 'Send USD to kampala-koboko', 'Amount-USD', 1, 'Sending USD from kampala to koboko branch', 'commission,sender,senders_phone,receiver,receivers_phone', '', '2017-01-17 21:05:03', '2017-09-17 15:34:38', 1, 0, 'Send USD to kampala-koboko', 1, 0, 1, 21, NULL, 20, '', '', 'Amount', 3, 2, 1, 0),
(5, 80, 12, 4, 1, 4, 1, 'USD', 6, 'Send USD to kampala-Arua', 'Amount-USD', 1, 'Send USD to the arua branch', 'commission,sender,senders_phone,receiver,receivers_phone', '', '2017-01-17 21:09:39', '2017-09-17 15:56:49', 1, 0, 'Send USD to kampala-Arua', 1, 0, 1, 20, NULL, 20, '', '', 'Amount', 3, 2, 1, 0),
(6, 70, 7, 8, 1, 8, 1, 'UGX', 6, 'Send UGX to kampala-Yei', 'Amount-UGX', 1, 'UGX sent from kampala branch to yei branch', 'commission,sender,senders_phone,receiver,receivers_phone', '', '2017-01-17 21:25:25', '2017-09-17 15:20:42', 1, 0, 'Send UGX to kampala-Yei', 1, 0, 1, 10, NULL, 20, '', '', 'Amount', 3, 2, 1, 0),
(7, 73, 10, 5, 1, 5, 1, 'UGX', 6, 'Send UGX to kampala-koboko', 'Amount-UGX', 1, 'Money Sent  in UGX from kampala to koboko', 'commission,sender,senders_phone,receiver,receivers_phone', '', '2017-01-17 21:29:30', '2017-09-17 15:39:20', 1, 0, 'Send UGX to kampala-koboko', 1, 0, 1, 18, NULL, 20, '', '', 'Amount', 3, 2, 1, 0),
(8, 66, 3, 1, 2, 1, 1, 'USD', 6, 'Send USD to Juba-kampala', 'Amount-USD', 1, 'Send USD from kampala branch to Juba branch', 'commission,sender,senders_phone,receiver,receivers_phone', '', '2017-01-17 21:34:32', '2017-09-17 14:41:04', 1, 0, 'Send USD to Juba-kampala', 1, 0, 1, 6, NULL, 20, '', '', 'Amount', 3, 2, 1, 0),
(9, 81, 18, 6, 1, 6, 1, 'USD', 6, 'Send USD to kampala-Nimule', 'Amount-USD', 1, 'Send USD from kampala branch to Nimule', 'commission,sender,senders_phone,receiver,receivers_phone', '', '2017-01-17 21:37:41', '2017-09-17 16:32:19', 1, 0, 'Send USD to kampala-Nimule', 1, 0, 1, 23, NULL, 20, '', '', 'Amount', 3, 2, 1, 0),
(10, 13, 79, 4, 1, 4, 1, 'UGX', 6, 'Send UGX to kampala-Arua', 'Amount', 1, 'Sending and receiving money from kampala to arua', 'commission,sender,senders_phone,receiver,receivers_phone', '', '2017-01-23 14:38:15', '2017-09-17 16:01:07', 1, 0, 'Send UGX to kampala-Arua', 1, 0, 1, 19, NULL, 20, '', '', 'Amount', 3, 2, 1, 0),
(11, 76, 16, 2, 1, 2, 1, 'UGX', 6, 'Send UGX to kampala-juba', 'Amount', 1, 'Sending and receiving  Ugx fromo kampala to juba', 'commission,sender,senders_phone,receiver,receivers_phone', '', '2017-01-23 14:42:21', '2017-09-17 16:19:43', 1, 0, 'Send UGX to kampala-juba', 1, 0, 1, 17, NULL, 20, '', '', 'Amount', 3, 2, 1, 0),
(12, 82, 19, 6, 1, 6, 1, 'UGX', 6, 'Send UGX to kampala-Nimule', 'Amount-UGX', 1, 'Sending and receiving UGX from kampala to nimule', 'commission,sender,senders_phone,receiver,receivers_phone', '', '2017-01-23 14:47:13', '2017-09-17 16:35:51', 1, 0, 'Send UGX to kampala-Nimule', 1, 0, 1, 16, NULL, 20, '', '', 'Amount', 3, 2, 1, 0),
(13, 68, 5, 5, 1, 5, 1, 'SSP', 6, 'Send SSP to kampala-koboko', 'Amount-SSP', 1, 'Sending and Receiving SSP from kampala to koboko', 'commission,sender,senders_phone,receiver,receivers_phone', '', '2017-01-23 15:14:18', '2017-09-17 15:44:47', 1, 0, 'Send SSP to kampala-koboko', 1, 0, 1, 13, NULL, 20, '', '', 'Amount', 3, 2, 1, 0),
(14, 83, 20, 6, 1, 6, 1, 'SSP', 6, 'Send SSP to kampala-Nimule', 'Amount-SSP', 1, 'Sending and receiving SSP  from kampala to nimule', 'commission,sender,senders_phone,receiver,receivers_phone', '', '2017-01-23 15:20:27', '2017-09-17 16:41:51', 1, 0, 'Send SSP to kampala-Nimule', 1, 0, 1, 15, NULL, 20, '', '', 'Amount', 3, 2, 1, 0),
(15, 5, 8, 8, 1, 8, 1, 'SSP', 6, 'Send SSP to kampala-Yei', 'Amount-SSP', 1, 'Sending SSP from kampala to yei', 'commission,sender,senders_phone,receiver,receivers_phone', '', '2017-01-23 15:24:52', '2017-10-30 06:55:21', 1, 0, 'Send SSP tokampala-Yei', 1, 0, 1, 11, NULL, 20, '', '', 'Amount', 3, 2, 1, 0),
(16, 77, 17, 2, 1, 2, 1, 'SSP', 6, 'Send SSP to Kampala -juba.', 'Amount-SSP', 1, 'Sending and receiving money from kampala to juba', 'commission,sender,senders_phone,receiver,receivers_phone', '', '2017-01-23 16:12:46', '2017-09-17 16:24:58', 1, 0, 'Send SSP to Kampala -juba', 1, 0, 1, 14, NULL, 20, '', '', 'Amount', 3, 2, 1, 0),
(17, 78, 14, 4, 1, 4, 1, 'SSP', 6, 'Send SSP to Kampala -Arua', 'Amount-SSP', 1, 'Sending SSP from kampala to arua', 'commission,sender,senders_phone,receiver,receivers_phone', '', '2017-01-23 16:21:58', '2017-09-17 16:05:45', 1, 0, 'Send SSP to Kampala -Arua', 1, 0, 1, 12, NULL, 20, '', '', 'Amount', 3, 2, 1, 0),
(18, 66, 3, 1, 8, 1, 1, 'USD', 6, 'Send USD to Yei-Kampala', 'Amount-USD', 1, 'Send USD from yei to kampala', 'commission,sender,senders_phone,receiver,receivers_phone', '', '2017-01-23 16:46:04', '2017-09-17 14:58:00', 1, 0, 'Send USD to Yei-Kampala', 1, 0, 1, 6, NULL, 20, '', '', 'Amount', 3, 2, 1, 0),
(19, 72, 9, 5, 8, 5, 1, 'USD', 6, 'Send USD to yei-koboko', 'Amount-USD', 1, 'Send USD from Yei to koboko', 'commission,sender,senders_phone,receiver,receivers_phone', '', '2017-01-23 17:02:54', '2017-09-17 15:34:58', 1, 0, 'Send USD to yei-koboko', 1, 0, 1, 21, NULL, 20, '', '', 'Amount', 3, 2, 1, 0),
(20, 80, 12, 4, 8, 4, 1, 'USD', 6, 'Send Usd to Yei-Arua', 'Amount-USD', 1, 'Send USD from Yei to Arua', 'commission,sender,senders_phone,receiver,receivers_phone', '', '2017-01-23 17:09:42', '2017-09-17 15:56:59', 1, 0, 'Send Usd to Yei-Arua', 1, 0, 1, 20, NULL, 20, '', '', 'Amount', 3, 2, 1, 0),
(21, 75, 15, 2, 8, 2, 1, 'USD', 6, 'Send USD to Yei-juba', 'Amount-USD', 1, 'Sending USD from yei to juba', 'commission,sender,senders_phone,receiver,receivers_phone', '', '2017-01-23 18:08:53', '2017-09-17 16:11:48', 1, 0, 'Send USD to Yei-juba', 1, 0, 1, 22, NULL, 20, '', '', 'Amount', 3, 2, 1, 0),
(22, 67, 4, 1, 8, 1, 1, 'UGX', 6, 'Send UGX to yei-kampala', 'Amount-UGX', 1, 'Sending UGX from yei to kampala', 'commission,sender,senders_phone,receiver,receivers_phone', '', '2017-01-23 18:16:44', '2017-09-17 15:01:32', 1, 0, 'Send UGX to yei-kampala', 1, 0, 1, 7, NULL, 20, '', '', 'Amount', 3, 2, 1, 0),
(23, 73, 10, 5, 1, 5, 1, 'UGX', 6, 'Send UGX to Yei -Koboko', 'Amount-UGX', 1, 'Send ugx to koboko from yei', 'commission,sender,senders_phone,receiver,receivers_phone', '', '2017-01-23 18:26:17', '2017-09-17 15:39:36', 1, 0, 'Send UGX to Yei -Koboko', 1, 0, 1, 18, NULL, 20, '', '', 'Amount', 3, 2, 1, 0),
(24, 13, 79, 4, 8, 4, 1, 'UGX', 6, 'Send UGX to yei-Arua', 'Amount-UGX', 1, 'Send ugx from yei to arua', 'commission,sender,senders_phone,receiver,receivers_phone', '', '2017-01-23 19:00:17', '2017-09-17 16:01:14', 1, 0, 'Send UGX to yei-Arua', 0, 0, 1, 19, NULL, 20, '', '', 'Amount', 3, 2, 1, 0),
(25, 76, 16, 2, 8, 2, 1, 'UGX', 6, 'Send UGX to Yei-Juba', 'Amount-UGX', 1, 'Sending UGX from yei to juba', 'commission,sender,senders_phone,receiver,receivers_phone', '', '2017-01-23 19:06:39', '2017-09-17 16:19:59', 1, 0, 'Send UGX to Yei-Juba', 1, 0, 1, 17, NULL, 20, '', '', 'Amount', 3, 2, 1, 0),
(26, 82, 19, 6, 8, 6, 1, 'UGX', 6, 'Send UGX to yei-Nimule', 'Amount-UGX', 1, 'Send ugx from yei to nimule', 'commission,sender,senders_phone,receiver,receivers_phone', '', '2017-01-23 19:12:29', '2017-09-17 16:35:57', 1, 0, 'Send UGX to yei-Nimule', 1, 0, 1, 16, NULL, 20, '', '', 'Amount', 3, 2, 1, 0),
(27, 68, 5, 1, 8, 1, 1, 'SSP', 6, 'Send SSP to yei-kampala', 'Amount-SSP', 1, 'Sending SSP to kampala from yei', 'commission,sender,senders_phone,receiver,receivers_phone', '', '2017-01-23 21:03:04', '2017-09-17 15:04:48', 1, 0, 'Send SSP to yei-kampala', 1, 0, 1, 8, NULL, 20, '', '', 'Amount', 3, 2, 1, 0),
(28, 69, 8, 5, 8, 5, 1, 'SSP', 6, 'Send SSP to yei-koboko', 'Amount-SSP', 1, 'Send SSP from Yei to koboko', 'commission,sender,senders_phone,receiver,receivers_phone', '', '2017-01-23 21:50:48', '2017-09-17 15:45:05', 1, 0, 'Send SSP to yei-koboko', 1, 0, 1, 13, NULL, 20, '', '', 'Amount', 3, 2, 1, 0),
(29, 78, 14, 4, 8, 4, 1, 'SSP', 6, 'Send SSP to yei-Arua', 'Amount-SSP', 1, 'Send SSP from yei to arua', 'commission,sender,senders_phone,receiver,receivers_phone', '', '2017-01-23 21:54:18', '2017-09-17 16:05:58', 1, 0, 'Send SSP to yei-Arua', 1, 0, 1, 12, NULL, 20, '', '', 'Amount', 3, 2, 1, 0),
(30, 77, 17, 2, 8, 2, 1, 'SSP', 6, 'Send SSP to yei-juba', 'Amount-SSP', 1, 'Send SSP from yei to juba', 'commission,sender,senders_phone,receiver,receivers_phone', '', '2017-01-23 21:57:31', '2017-09-17 16:25:16', 1, 0, 'Send SSP to yei-juba', 1, 0, 1, 14, NULL, 20, '', '', 'Amount', 3, 2, 1, 0),
(31, 83, 20, 6, 8, 6, 1, 'SSP', 6, 'Send SSP to yei-Nimule', 'Amount-SSP', 1, 'Send SSP to Nimule from Yei', 'commission,sender,senders_phone,receiver,receivers_phone', '', '2017-01-23 22:01:58', '2017-09-17 16:41:59', 1, 0, 'Send SSP to yei-Nimule', 1, 0, 1, 15, NULL, 20, '', '', 'Amount', 3, 2, 1, 0),
(32, 66, 3, 1, 5, 1, 1, 'USD', 6, 'Send USD to koboko-kampala', 'Amount-USD', 1, 'Send USD to kampala from koboko', 'commission,sender,senders_phone,receiver,receivers_phone', '', '2017-01-23 22:31:45', '2017-09-17 14:58:22', 1, 0, 'Send USD to koboko-kampala', 1, 0, 1, 6, NULL, 20, '', '', 'Amount', 3, 2, 1, 0),
(33, 80, 12, 4, 5, 4, 1, 'USD', 6, 'Send USD to koboko-Arua', 'Amount-USD', 1, 'Send USD from koboko to arua', 'commission,sender,senders_phone,receiver,receivers_phone', '', '2017-01-23 22:39:16', '2017-09-17 15:57:26', 1, 0, 'Send USD to koboko-Arua', 1, 0, 1, 20, NULL, 20, '', '', 'Amount', 3, 2, 1, 0),
(34, 75, 15, 2, 5, 2, 1, 'USD', 6, 'Send USD to koboko-juba', 'Amount-USD', 1, 'Send USD from koboko to juba', 'commission,sender,senders_phone,receiver,receivers_phone', '', '2017-01-23 22:42:13', '2017-09-17 16:11:57', 1, 0, 'Send USD to koboko-juba', 1, 0, 1, 22, NULL, 20, '', '', 'Amount', 3, 2, 1, 0),
(35, 81, 18, 6, 5, 6, 1, 'USD', 6, 'Send USD to koboko-Nimule', 'Amount-USD', 1, 'Send USD from koboko to Nimule', 'reference_code,commission,sender,senders_phone,receiver,receivers_phone', '', '2017-01-23 22:45:10', '2017-09-17 16:32:56', 1, 0, 'Send USD to koboko-Nimule', 1, 0, 1, 23, NULL, 20, '', '', 'Amount', 3, 2, 1, 0),
(36, 81, 18, 6, 8, 6, 1, 'USD', 6, 'Send USD to Yei-Nimule', 'Amount-USD', 1, 'Sending USD from Yei to Koboko', 'commission,sender,senders_phone,receiver,receivers_phone', '', '2017-01-23 22:48:08', '2017-09-17 16:33:03', 1, 0, 'Send USD to Yei-Nimule', 1, 0, 1, 23, NULL, 20, '', '', 'Amount', 3, 2, 1, 0),
(37, 67, 4, 1, 5, 1, 1, 'UGX', 6, 'Send UGX to Koboko-Kampala', 'Amount-UGX', 1, 'Send UGX from koboko to kampala', 'commission,sender,senders_phone,receiver,receivers_phone', '', '2017-01-25 08:29:47', '2017-09-17 15:02:00', 1, 0, 'Send UGX to Koboko-Kampala', 1, 0, 1, 7, NULL, 20, '', '', 'Amount', 3, 2, 1, 0),
(38, 13, 79, 4, 5, 4, 1, 'UGX', 6, 'Send UGX to Koboko-Arua', 'Amount-UGX', 1, 'Send UGX from koboko to arua', 'commission,sender,senders_phone,receiver,receivers_phone', '', '2017-01-25 08:32:14', '2017-09-17 16:01:39', 1, 0, 'Send UGX to Koboko-Arua', 1, 0, 1, 19, NULL, 20, '', '', 'Amount', 3, 2, 1, 0),
(39, 76, 16, 2, 5, 2, 1, 'UGX', 6, 'Send UGX to koboko-Juba', 'Amount-UGX', 1, 'Send UGX from koboko to juba', 'commission,sender,receiver,senders_phone,receivers_phone', '', '2017-01-25 08:34:35', '2017-09-17 16:20:25', 1, 0, 'Send UGX to koboko-Juba', 1, 0, 1, 17, NULL, 20, '', '', 'Amount', 3, 2, 1, 0),
(40, 82, 19, 6, 5, 6, 1, 'UGX', 6, 'Send UGX to Koboko-Nimule', 'Amount-UGX', 1, 'Send UGX from koboko to Nimule', 'commission,sender,senders_phone,receiver,receivers_phone', '', '2017-01-25 08:36:59', '2017-09-17 16:36:12', 1, 0, 'Send UGX to Koboko-Nimule', 1, 0, 1, 16, NULL, 20, '', '', 'Amount', 3, 2, 1, 0),
(41, 70, 7, 8, 5, 8, 1, 'UGX', 6, 'Send UGX to Koboko-Yei', 'Amount-UGX', 1, 'Send  UGX from koboko to yei ', 'commission,sender,senders_phone,receiver,receivers_phone', '', '2017-01-25 08:39:11', '2017-09-17 15:21:30', 1, 0, 'Send UGX to Koboko-Yei', 1, 0, 1, 10, NULL, 20, '', '', 'Amount', 3, 2, 1, 0),
(42, 68, 5, 1, 5, 1, 1, 'SSP', 6, 'Send SSP to koboko-kampala', 'Amount-SSP', 1, 'Send SSP from koboko to kampala', 'commission,sender,senders_phone,receiver,receivers_phone', '', '2017-01-25 08:56:28', '2017-09-17 15:05:13', 1, 0, 'Send SSP to koboko-kampala', 1, 0, 1, 8, NULL, 20, '', '', 'Amount', 3, 2, 1, 0),
(43, 77, 17, 2, 5, 2, 1, 'SSP', 6, 'Send SSP to koboko-juba', 'Amount-SSP', 1, 'Send SSP from koboko to Arua', 'commission,sender,senders_phone,receiver,receivers_phone', '', '2017-01-25 08:59:41', '2017-09-17 16:26:12', 1, 0, 'Send SSP to koboko-juba', 1, 0, 1, 14, NULL, 20, '', '', 'Amount', 3, 2, 1, 0),
(44, 78, 14, 4, 5, 4, 1, 'SSP', 6, 'Send SSP to Koboko-Arua', 'Amount-SSP', 1, 'Send SSP from koboko to Arua', 'commission,sender,senders_phone,receiver,receivers_phone', '', '2017-01-25 09:08:07', '2017-09-17 16:06:32', 1, 0, 'Send SSP to Koboko-Arua', 1, 0, 1, 12, NULL, 20, '', '', 'Amount', 3, 2, 1, 0),
(45, 83, 20, 6, 5, 6, 1, 'SSP', 6, 'Send SSP to Koboko-Nimule', 'Amount-SSP', 1, 'Send SSp from koboko to Nimule', 'commission,sender,senders_phone,receiver,receivers_phone', '', '2017-01-25 09:11:09', '2017-09-17 16:42:21', 1, 0, 'Send SSP to Koboko-Nimule', 1, 0, 1, 15, NULL, 20, '', '', 'Amount', 3, 2, 1, 0),
(46, 11, 8, 8, 5, 8, 1, 'SSP', 6, 'Send SSP to Koboko-Yei', 'Amount-SSP', 1, 'Send SSP from koboko to yei', 'commission,sender,senders_phone,receiver,receivers_phone', '', '2017-01-25 09:14:26', '2017-09-17 15:26:39', 1, 0, 'Send SSP to Koboko-Yei', 1, 0, 1, 11, NULL, 20, '', '', 'Amount', 3, 2, 1, 0),
(47, 66, 3, 1, 4, 1, 1, 'USD', 6, 'Send USD to Arua-kampala', 'Amount-USD', 1, 'Send USD from arua to kampala', 'commission,sender,senders_phone,receiver,receivers_phone', '', '2017-01-25 09:23:59', '2017-09-17 14:58:34', 1, 0, 'Send USD to Arua-kampala', 1, 0, 1, 6, NULL, 20, '', '', 'Amount', 3, 2, 1, 0),
(48, 71, 6, 8, 4, 8, 1, 'USD', 6, 'Send USD to Arua-Yei', 'Amount-USD', 1, 'Send USD from arua to yei', 'commission,sender,senders_phone,receiver,receivers_phone', '', '2017-01-25 09:26:23', '2017-09-17 15:13:38', 1, 0, 'Send USD to Arua-Yei', 1, 0, 1, 9, NULL, 20, '', '', 'Amount', 3, 2, 1, 0),
(49, 72, 9, 5, 4, 5, 1, 'USD', 6, 'Send USD to Arua-Koboko', 'Amount-USD', 1, 'Send Usd from arua to koboko', 'commission,sender,senders_phone,receiver,receivers_phone', '', '2017-01-25 09:28:44', '2017-09-17 15:35:38', 1, 0, 'Send USD to Arua-Koboko', 1, 0, 1, 21, NULL, 20, '', '', 'Amount', 3, 2, 1, 0),
(50, 75, 15, 2, 4, 2, 1, 'USD', 6, 'Send USD to Arua-Juba', 'Amount-USD', 1, 'Send USD from arua to juba', 'commission,sender,senders_phone,receiver,receivers_phone', '', '2017-01-25 09:30:29', '2017-09-17 16:12:26', 1, 0, 'Send USD to Arua-Juba', 1, 0, 1, 22, NULL, 20, '', '', 'Amount', 3, 2, 1, 0),
(51, 81, 18, 6, 4, 6, 1, 'USD', 6, 'Send USD to Arua-Nimule', 'Amount-USD', 1, 'Send USD from arua to Nimule', 'commission,sender,senders_phone,receiver,receivers_phone', '', '2017-01-25 09:33:12', '2017-09-17 16:33:13', 1, 0, 'Send USD to Arua-Nimule', 1, 0, 1, 23, NULL, 20, '', '', 'Amount', 3, 2, 1, 0),
(52, 67, 4, 1, 4, 1, 1, 'UGX', 6, 'Send UGX to Arua-Kampala', 'Amount-UGX', 1, 'Send UGX From arua to kampala', 'commission,sender,senders_phone,receiver,receivers_phone', '', '2017-01-25 09:41:20', '2017-09-17 15:02:13', 1, 0, 'Send UGX to Arua-Kampala', 1, 0, 1, 7, NULL, 20, '', '', 'Amount', 3, 2, 1, 0),
(53, 70, 7, 8, 4, 8, 1, 'UGX', 6, 'Send UGX to Arua-Yei', 'Amount-UGX', 1, 'Send UGX from Arua to yei', 'commission,sender,senders_phone,receiver,receivers_phone', '', '2017-01-25 09:44:39', '2017-09-17 15:21:43', 1, 0, 'Send UGX to Arua-Yei', 1, 0, 1, 10, NULL, 20, '', '', 'Amount', 3, 2, 1, 0),
(54, 73, 10, 5, 4, 5, 1, 'UGX', 6, 'Send UGX to Arua-Koboko', 'Amount-UGX', 1, 'Send Ugx from arua to koboko', 'commission,sender,senders_phone,receiver,receivers_phone', '', '2017-01-25 09:47:36', '2017-09-17 15:40:03', 1, 0, 'Send UGX to Arua-Koboko', 1, 0, 1, 18, NULL, 20, '', '', 'Amount', 3, 2, 1, 0),
(55, 76, 16, 2, 4, 2, 1, 'UGX', 6, 'Send UGX to Arua-juba', 'Amount-UGX', 1, 'Send UGX from arua to juba', 'commission,sender,receiver,senders_phone,receivers_phone', '', '2017-01-25 09:49:16', '2017-09-17 16:20:42', 1, 0, 'Send UGX to Arua-juba', 1, 0, 1, 17, NULL, 20, '', '', 'Amount', 3, 2, 1, 0),
(56, 82, 19, 6, 4, 6, 1, 'UGX', 6, 'Send UGX to Arua-Nimule', 'Amount-UGX', 1, 'Send UGX from Arua to Nimule', 'commission,sender,senders_phone,receiver,receivers_phone', '', '2017-01-25 09:52:22', '2017-09-17 16:38:32', 1, 0, 'Send UGX to Arua-Nimule', 1, 0, 1, 16, NULL, 20, '', '', 'Amount', 3, 2, 1, 0),
(57, 68, 5, 1, 4, 1, 1, 'SSP', 6, 'Send SSP to Arua-kampala', 'Amount-SSP', 1, 'Send SSP from Arua to kampala', 'commission,sender,senders_phone,receiver,receivers_phone', '', '2017-01-25 10:04:08', '2017-09-17 15:05:23', 1, 0, 'Send SSP to Arua-kampala', 1, 0, 1, 8, NULL, 20, '', '', 'Amount', 3, 2, 1, 0),
(58, 14, 8, 8, 4, 8, 1, 'SSP', 6, 'Send SSP to Arua-Yei', 'Amount-SSP', 1, 'Send SSP from Arua to Yei', 'commission,sender,senders_phone,receiver,receivers_phone', '', '2017-01-25 10:06:06', '2017-09-17 15:26:48', 1, 0, 'Send SSP to Arua-Yei', 1, 0, 1, 11, NULL, 20, '', '', 'Amount', 3, 2, 1, 0),
(59, 78, 14, 5, 4, 5, 1, 'SSP', 6, 'Send SSP to Arua-Koboko', 'Amount-SSP', 1, 'Send SSP from Arua to Koboko', 'commission,sender,senders_phone,receiver,receivers_phone', '', '2017-01-25 10:08:54', '2017-09-17 15:45:37', 1, 0, 'Send SSP to Arua-Koboko', 1, 0, 1, 13, NULL, 20, '', '', 'Amount', 3, 2, 1, 0),
(60, 77, 17, 2, 4, 2, 1, 'SSP', 6, 'Send SSP to Arua-juba', 'Amount-SSP', 1, 'Send SSP from Arua to Juba', 'commission,sender,senders_phone,receiver,receivers_phone', '', '2017-01-25 10:10:32', '2017-09-17 16:26:20', 1, 0, 'Send SSP to Arua-juba', 1, 0, 1, 14, NULL, 20, '', '', 'Amount', 3, 2, 1, 0),
(61, 83, 20, 6, 4, 6, 1, 'SSP', 6, 'Send SSP to Arua-Nimule', 'Amount-SSP', 1, 'Send SSP from Arua to Nimule', 'commission,sender,senders_phone,receiver,receivers_phone', '', '2017-01-25 10:12:10', '2017-09-17 16:42:34', 1, 0, 'Send SSP to Arua-Nimule', 1, 0, 1, 15, NULL, 20, '', '', 'Amount', 3, 2, 1, 0),
(62, 3, 66, 5, 1, 1, 1, 'USD', 1, 'USD Received from koboko-to kampala', 'Amount-USD', 1, 'transaction to credit USD in koboko after an initiated transfer transaction', 'commission,sender,senders_phone,receiver,receivers_phone', '', '2017-01-25 10:40:50', '2017-09-26 22:03:52', 1, 0, 'USD Received from koboko-to kampala', 0, 0, 1, 6, NULL, 20, '', '', 'Amount', 3, 2, 1, 0),
(63, 71, 6, 8, 2, 8, 1, 'USD', 6, 'Send USD to Juba-Yei', 'Amount-USD', 1, 'Send USD From Juba to Yei', 'commission,sender,senders_phone,receiver,receivers_phone', '', '2017-01-25 10:42:29', '2017-09-17 15:13:50', 1, 0, 'Send USD to Juba-Yei', 1, 0, 1, 9, NULL, 20, '', '', 'Amount', 3, 2, 1, 0),
(64, 72, 9, 5, 2, 5, 1, 'USD', 6, 'Send USD to juba-Koboko', 'Amount-USD', 1, 'Send USD from koboko to Juba', 'commission,sender,senders_phone,receiver,receivers_phone', '', '2017-01-25 10:52:35', '2017-09-17 15:36:01', 1, 0, 'Send USD to juba-Koboko', 1, 0, 1, 21, NULL, 20, '', '', 'Amount', 3, 2, 1, 0),
(65, 80, 12, 4, 2, 4, 1, 'USD', 6, 'Send USD to juba-Arua', 'Amount-USD', 1, 'Send USD from Juba to Arua', 'commission,sender,senders_phone,receiver,receivers_phone', '', '2017-01-25 10:56:09', '2017-09-17 15:57:51', 1, 0, 'Send USD to juba-Arua', 1, 0, 1, 20, NULL, 20, '', '', 'Amount', 3, 2, 1, 0),
(66, 81, 18, 6, 2, 6, 1, 'USD', 6, 'Send USD to juba-Nimule', 'Amount-USD', 1, 'Send USD from Juba to Nimule', 'commission,sender,senders_phone,receiver,receivers_phone', '', '2017-01-25 10:58:54', '2017-09-17 16:33:38', 1, 0, 'Send USD to juba-Nimule', 1, 0, 1, 23, NULL, 20, '', '', 'Amount', 3, 2, 1, 0),
(67, 67, 4, 1, 2, 1, 1, 'UGX', 6, 'Send UGX to juba-Kampala', 'Amount-UGX', 1, 'Send UGX from Juba to kampala', 'commission,sender,senders_phone,receiver,receivers_phone', '', '2017-01-25 11:03:08', '2017-09-17 15:02:26', 1, 0, 'Send UGX to juba-Kampala', 1, 0, 1, 7, NULL, 20, '', '', 'Amount', 3, 2, 1, 0),
(68, 70, 7, 8, 2, 8, 1, 'UGX', 6, 'Send UGX to Juba-Yei', 'Amount-UGX', 1, 'Send UGX from Juba to Yei', 'commission,sender,senders_phone,receiver,receivers_phone', '', '2017-01-25 11:05:07', '2017-09-17 15:22:18', 1, 0, 'Send UGX to Juba-Yei', 1, 0, 1, 10, NULL, 20, '', '', 'Amount', 3, 2, 1, 0),
(69, 73, 10, 5, 2, 5, 1, 'UGX', 6, 'Send UGX to juba-Koboko', 'Amount-UGX', 1, 'Send UGX from juba to koboko', 'commission,sender,senders_phone,receiver,receivers_phone', '', '2017-01-25 11:08:00', '2017-09-17 15:40:12', 1, 0, 'Send UGX to juba-Koboko', 1, 0, 1, 18, NULL, 20, '', '', 'Amount', 3, 2, 1, 0),
(70, 13, 79, 4, 2, 4, 1, 'UGX', 6, 'Send UGX to juba-Arua', 'Amount-UGX', 1, 'Send UGX from Juba to Arua', 'commission,sender,senders_phone,receiver,receivers_phone', '', '2017-01-25 11:09:59', '2017-09-17 16:02:03', 1, 0, 'Send UGX to juba-Arua', 1, 0, 1, 19, NULL, 20, '', '', 'Amount', 3, 2, 1, 0),
(71, 82, 19, 6, 2, 6, 1, 'UGX', 6, 'Send UGX to juba-Nimule', 'Amount-UGX', 1, 'Send UGX from Juba To Nimule', 'commission,sender,senders_phone,receiver,receivers_phone', '', '2017-01-25 11:13:45', '2017-09-17 16:39:03', 1, 0, 'Send UGX to juba-Nimule', 1, 0, 1, 16, NULL, 20, '', '', 'Amount', 3, 2, 1, 0),
(72, 68, 5, 1, 2, 1, 1, 'SSP', 6, 'Send SSP to juba-Kampala', 'Amount-SSP', 1, 'Send SSp to Kampala From Juba', 'commission,sender,senders_phone,receiver,receivers_phone', '', '2017-01-25 11:17:02', '2017-09-17 15:05:34', 1, 0, 'Send SSP to juba-Kampala', 1, 0, 1, 8, NULL, 20, '', '', 'Amount', 3, 2, 1, 0),
(73, 17, 8, 8, 2, 8, 1, 'SSP', 6, 'Send SSP to juba-Yei', 'Amount-SSP', 1, 'Send SSP from Juba to Yei', 'commission,sender,senders_phone,receiver,receivers_phone', '', '2017-01-25 11:18:32', '2017-09-17 15:27:05', 1, 0, 'Send SSP to juba-Yei', 1, 0, 1, 11, NULL, 20, '', '', 'Amount', 3, 2, 1, 0),
(74, 77, 17, 5, 2, 5, 1, 'SSP', 6, 'Send SSP to juba-Koboko', 'Amount-SSP', 1, 'Send SSp from Juba to Koboko', 'commission,sender,senders_phone,receiver,receivers_phone', '', '2017-01-25 11:23:14', '2017-09-17 15:45:46', 1, 0, 'Send SSP to juba-Koboko', 1, 0, 1, 13, NULL, 20, '', '', 'Amount', 3, 2, 1, 0),
(75, 68, 14, 1, 4, 1, 1, 'SSP', 1, 'xxxxxxxxx for arua', 'Amount-SSP', 1, 'Send SSP from Juba to Arua', 'reference_code,commission,sender,senders_phone,receiver,receivers_phone', '', '2017-01-25 11:25:33', '2017-09-17 15:06:51', 0, 0, 'Send SSP to Arua-kampala', 1, 0, 1, 8, NULL, 20, '', '', 'Amount', 3, 2, 1, 0),
(76, 83, 20, 6, 2, 6, 1, 'SSP', 6, 'Send SSP to juba-Nimule', 'Amount-SSP', 1, 'Send SSP from juba to Nimule', 'commission,sender,senders_phone,receiver,receivers_phone', '', '2017-01-25 11:27:32', '2017-09-17 16:42:41', 1, 0, 'Send SSP to juba-Nimule', 1, 0, 1, 15, NULL, 20, '', '', 'Amount', 3, 2, 1, 0),
(77, 66, 3, 1, 6, 1, 1, 'USD', 6, 'Send USD to Nimule-Kampala', 'Amount-USD', 1, 'Send USD from Nimule To kampala', 'commission,sender,senders_phone,receiver,receivers_phone', '', '2017-01-25 11:37:02', '2017-09-17 14:58:55', 1, 0, 'Send USD to Nimule-Kampala', 1, 0, 1, 6, NULL, 20, '', '', 'Amount', 3, 2, 1, 0),
(78, 71, 6, 8, 6, 8, 1, 'USD', 6, 'Send USD to Nimule-Yei', 'Amount-USD', 1, 'Send USD from Nimule To Yei', 'commission,sender,senders_phone,receiver,receivers_phone', '', '2017-01-25 11:38:46', '2017-09-17 15:14:27', 1, 0, 'Send USD to Nimule-Yei', 1, 0, 1, 9, NULL, 20, '', '', 'Amount', 3, 2, 1, 0),
(79, 72, 9, 5, 6, 5, 1, 'USD', 6, 'Send USD to Nimule-Koboko', 'Amount-USD', 1, 'Send USD from Nimule to koboko', 'commission,sender,senders_phone,receiver,receivers_phone', '', '2017-01-25 11:40:44', '2017-09-17 15:36:19', 1, 0, 'Send USD to Nimule-Koboko', 1, 0, 1, 21, NULL, 20, '', '', 'Amount', 3, 2, 1, 0),
(80, 80, 12, 4, 6, 4, 1, 'USD', 6, 'Send USD to Nimule-Arua', 'Amount-USD', 1, 'Send USD from Nimule to Arua', 'commission,sender,senders_phone,receiver,receivers_phone', '', '2017-01-25 11:44:10', '2017-09-17 15:58:00', 1, 0, 'Send USD to Nimule-Arua', 1, 0, 1, 20, NULL, 20, '', '', 'Amount', 3, 2, 1, 0),
(81, 75, 15, 2, 6, 2, 1, 'USD', 6, 'Send USD to Nimule-juba', 'Amount-USD', 1, 'Send USD from Nimule To Juba', 'commission,sender,senders_phone,receiver,receivers_phone', '', '2017-01-25 11:46:32', '2017-09-17 16:12:34', 1, 0, 'Send USD to Nimule-juba', 1, 0, 1, 22, NULL, 20, '', '', 'Amount', 3, 2, 1, 0),
(82, 67, 4, 1, 6, 1, 1, 'UGX', 6, 'Send UGX to Nimule-Kampala', 'Amount-UGX', 1, 'Send UGX from Nimule to Kampala', 'commission,sender,senders_phone,receiver,receivers_phone', '', '2017-01-25 11:49:12', '2017-09-17 15:02:37', 1, 0, 'Send UGX to Nimule-Kampala', 1, 0, 1, 7, NULL, 20, '', '', 'Amount', 3, 2, 1, 0),
(83, 70, 7, 8, 6, 8, 1, 'UGX', 6, 'Send UGX to Nimule-Yei', 'Amount-UGX', 1, 'Send UGX from Nimule To Yei', 'commission,sender,receiver,senders_phone,receivers_phone', '', '2017-01-25 11:51:04', '2017-09-17 15:22:34', 1, 0, 'Send UGX to Nimule-Yei', 1, 0, 1, 10, NULL, 20, '', '', 'Amount', 3, 2, 1, 0),
(84, 19, 10, 5, 6, 5, 1, 'UGX', 6, 'Send UGX to Nimule-Koboko', 'Amount-UGX', 1, 'Send UGX from Nimule To Koboko', 'commission,sender,senders_phone,receiver,receivers_phone', '', '2017-01-25 11:53:20', '2017-09-17 15:40:25', 1, 0, 'Send UGX to Nimule-Koboko', 1, 0, 1, 18, NULL, 20, '', '', 'Amount', 3, 2, 1, 0),
(85, 13, 79, 4, 6, 4, 1, 'UGX', 6, 'Send UGX  to Nimule-Arua', 'Amount-UGX', 1, 'Send UGX from Nimule to Arua', 'commission,sender,senders_phone,receiver,receivers_phone', '', '2017-01-25 11:55:48', '2017-09-17 16:02:24', 1, 0, 'Send UGX  to Nimule-Arua', 1, 0, 1, 19, NULL, 20, '', '', 'Amount', 3, 2, 1, 0),
(86, 19, 16, 2, 6, 2, 1, 'UGX', 6, 'Send UGX to Nimule-juba', 'Amount-UGX', 1, 'Send UGX From Nimule to Juba', 'commission,sender,senders_phone,receiver,receivers_phone', '', '2017-01-25 11:57:51', '2017-09-17 16:20:54', 1, 0, 'Send UGX to Nimule-juba', 1, 0, 1, 17, NULL, 20, '', '', 'Amount', 3, 2, 1, 0),
(87, 68, 5, 1, 6, 1, 1, 'SSP', 6, 'Send SSP to Nimule-Kampala', 'Amount-SSP', 1, 'Send SSp from Nimule To Kampala', 'commission,sender,senders_phone,receiver,receivers_phone', '', '2017-01-25 12:00:00', '2017-09-17 15:08:37', 1, 0, 'Send SSP to Nimule-Kampala', 1, 0, 1, 8, NULL, 20, '', '', 'Amount', 3, 2, 1, 0),
(88, 20, 8, 8, 6, 8, 1, 'SSP', 6, 'Send SSP to Nimule-Yei', 'Amount-SSP', 1, 'Send SSp from NIMule to Yei', 'commission,sender,senders_phone,receiver,receivers_phone', '', '2017-01-25 12:02:05', '2017-09-17 15:27:13', 1, 0, 'Send SSP to Nimule-Yei', 1, 0, 1, 11, NULL, 20, '', '', 'Amount', 3, 2, 0, 0),
(89, 83, 20, 5, 6, 5, 1, 'SSP', 6, 'Send SSP to Nimule-Koboko', 'Amount-SSP', 1, 'Send SSp from Nimule to Koboko', 'commission,sender,senders_phone,receiver,receivers_phone', '', '2017-01-25 12:03:46', '2017-09-17 15:45:57', 1, 0, 'Send SSP to Nimule-Koboko', 1, 0, 1, 13, NULL, 20, '', '', 'Amount', 3, 2, 1, 0),
(90, 78, 14, 4, 6, 4, 1, 'SSP', 6, 'Send SSP to Nimule-Arua', 'Amount-SSP', 1, 'Send SSP from Nimule To Arua', 'commission,sender,senders_phone,receiver,receivers_phone', '', '2017-01-25 12:05:49', '2017-09-17 16:07:07', 1, 0, 'Send SSP to Nimule-Arua', 1, 0, 1, 12, NULL, 20, '', '', 'Amount', 3, 2, 1, 0),
(91, 77, 17, 2, 6, 2, 1, 'SSP', 6, 'Send SSP to Nimule-juba', 'Amount-SSP', 1, 'SEnd SSP from Nimule to Juba', 'commission,sender,senders_phone,receiver,receivers_phone', '', '2017-01-25 12:07:44', '2017-09-17 16:26:28', 1, 0, 'Send SSP to Nimule-juba', 1, 0, 1, 14, NULL, 20, '', '', 'Amount', 3, 2, 1, 0),
(92, 5, 86, 1, 9, 1, 1, 'SSP', 1, 'Send SSP to Main Volt - kampala', 'Amount-SSP', 1, 'Transaction to deposit SSP to the kampala branch', 'comment', '', '2017-01-26 21:49:19', '2017-09-19 10:30:59', 1, 0, 'Send SSP to Main Volt - kampala', 0, 0, 1, NULL, 187, 20, '', '', 'Amount', 3, 2, 1, 0),
(93, 3, 84, 1, 9, 1, 1, 'USD', 1, 'Send USD to Main Volt - kampala', 'Amount', 1, 'Transaction to deposit SSP to the kampala branch', '', '', '2017-01-26 22:00:44', '2017-09-19 10:30:42', 1, 0, 'Send USD to Main Volt - kampala', 0, 0, 1, NULL, 319, 20, '', '', 'Amount', 3, 2, 1, 0),
(94, 4, 85, 1, 9, 1, 0, 'UGX', 1, 'Send UGX to Main Volt - kampala', 'Amount-UGX', 1, 'Transaction to deposit UGX to the kampala branch', '', '', '2017-01-26 22:18:39', '2017-09-19 10:30:51', 1, 0, 'Send UGX to Main Volt - kampala', 0, 0, 1, NULL, 188, 20, '', '', 'Amount', 3, 2, 1, 0),
(95, 8, 86, 8, 9, 8, 1, 'SSP', 1, 'Send SSP  to Main Volt - Yei', 'Amount-SSP', 1, 'Transaction to deposit SSP to the Yei branch', 'comment', '', '2017-01-26 22:22:59', '2017-09-19 10:32:13', 1, 0, 'Send SSP  to Main Volt - Yei', 0, 0, 1, NULL, 316, 20, '', '', 'Amount', 3, 2, 1, 0),
(96, 6, 84, 8, 9, 8, 1, 'USD', 1, 'Send USD  to Main Volt - Yei', 'Amount', 1, 'Transaction to deposit USD to the YEI branch(safe)', '', '', '2017-01-26 22:30:44', '2017-09-19 10:31:57', 1, 0, 'Send USD  to Main Volt - yei', 0, 0, 1, NULL, 304, 20, '', '', 'Amount', 3, 2, 1, 0),
(97, 7, 85, 8, 9, 8, 1, 'UGX', 1, 'Send UGX to Main Volt - Yei', 'Amount-UGX', 1, 'Transaction to deposit UGX to the Yei branch', 'comment', '', '2017-01-26 22:30:54', '2017-09-19 10:32:05', 1, 0, 'Send UGX to Main Volt - Yei', 0, 0, 1, NULL, 311, 20, '', '', 'Amount', 3, 2, 1, 0),
(98, 9, 84, 5, 9, 5, 1, 'USD', 1, 'Send USD to Main Volt - Koboko', 'Amount', 1, 'Transaction to deposit USD to the Koboko branch', '', '', '2017-01-26 22:42:42', '2017-09-19 10:33:23', 1, 0, 'Send USD to Main Volt - Koboko', 0, 0, 1, NULL, 305, 20, '', '', 'Amount', 3, 2, 1, 0),
(99, 11, 86, 5, 9, 5, 1, 'SSP', 1, 'Send SSP  to Main Volt - Koboko', 'Amount-SSP', 1, 'Transaction to deposit SSPto the Koboko branch', '', '', '2017-01-26 22:42:47', '2017-09-19 10:33:44', 1, 0, 'Send SSP  to Main Volt - Koboko', 0, 0, 1, NULL, 315, 20, '', '', 'Amount', 3, 2, 1, 0),
(100, 10, 10, 5, 9, 5, 1, 'UGX', 1, 'Send UGX to Main Volt - Koboko', 'Amount-UGX', 1, 'Transaction to deposit UGX to the Koboko branch', '', '', '2017-01-26 22:42:52', '2017-09-19 10:33:32', 1, 0, 'Send UGX to Main Volt - Koboko', 0, 0, 1, NULL, 310, 20, '', '', 'Amount', 3, 2, 1, 0),
(101, 19, 85, 6, 9, 6, 1, 'UGX', 1, 'Send UGX to Main Volt - Nimule', 'Amount-UGX', 1, 'Transaction to deposit UGX to the Nimule branch', '', '', '2017-01-27 07:17:53', '2017-09-19 10:37:43', 1, 0, 'Send UGX to Main Volt - Nimule', 0, 0, 1, NULL, 312, 20, '', '', 'Amount', 3, 2, 1, 0),
(102, 20, 86, 6, 9, 6, 1, 'SSP', 1, 'Send SSP to Main Volt - Nimule', 'Amount-SSP', 1, 'Transaction to deposit SSP to the Nimule branch', '', '', '2017-01-27 07:17:58', '2017-09-19 10:37:50', 1, 0, 'Send SSP to Main Volt - Nimule', 0, 0, 1, NULL, 317, 20, '', '', 'Amount', 3, 2, 1, 0),
(103, 18, 84, 6, 9, 6, 0, 'USD', 1, 'Send USD to Main Volt - Nimule', 'Amount', 1, 'Transaction to deposit USD to the Nimule branch', '', '', '2017-01-27 07:19:51', '2017-09-19 10:37:36', 1, 0, 'Send USD to Main Volt - Nimule', 0, 0, 1, NULL, 303, 20, '', '', 'Amount', 3, 2, 1, 0),
(104, 13, 85, 4, 9, 4, 1, 'UGX', 1, 'Send UGX to Main Volt - Arua', 'Amount-UGX', 1, 'Transaction to deposit UGX to the Arua branch', 'comment', '', '2017-01-27 07:36:18', '2017-09-19 10:34:49', 1, 0, 'Send UGX to Main Volt - Arua', 0, 0, 1, NULL, 309, 20, '', '', 'Amount', 3, 2, 1, 0),
(105, 14, 86, 4, 9, 4, 1, 'SSP', 1, 'Send SSP to Main Volt - Arua', 'Amount-SSP', 1, 'Transaction to deposit SSP to the Arua branch', 'comment', '', '2017-01-27 07:36:24', '2017-09-19 10:34:58', 1, 0, 'Send SSP to Main Volt - Arua', 0, 0, 1, NULL, 314, 20, '', '', 'Amount', 3, 2, 1, 0),
(106, 12, 84, 4, 9, 4, 1, 'USD', 1, 'Send USD to Main Volt - Arua', 'Amount', 1, 'Transaction to deposit USD to the Arua branch', '', '', '2017-01-27 07:39:24', '2017-09-19 10:34:41', 1, 0, 'Send USD to Main Volt - Arua', 0, 0, 1, NULL, 306, 20, '', '', 'Amount', 3, 2, 1, 0),
(107, 17, 86, 2, 9, 2, 1, 'SSP', 1, 'Send SSP to Main Volt - Juba', 'Amount-SSP', 1, 'Transaction to deposit SSP to the Juba branch', '', '', '2017-01-27 07:48:29', '2017-09-19 10:36:26', 1, 0, 'Send SSP to Main Volt - Juba', 0, 0, 1, NULL, 313, 20, '', '', 'Amount', 3, 2, 1, 0),
(108, 16, 85, 2, 9, 2, 1, 'UGX', 1, 'Send UGX to Main Volt - Juba', 'Amount-UGX', 1, 'Transaction to deposit UGX to the Juba branch', 'comment', '', '2017-01-27 07:49:43', '2017-09-19 10:36:06', 1, 0, 'Send UGX to Main Volt - Juba', 0, 0, 1, NULL, 308, 20, '', '', 'Amount', 3, 2, 1, 0),
(109, 15, 84, 2, 9, 2, 1, 'USD', 1, 'Send USD to Main Volt - Juba', 'Amount', 1, 'Transaction to deposit USD to the Juba branch', '', '', '2017-01-27 07:50:34', '2017-09-19 10:35:59', 1, 0, 'Send USD to Main Volt - Juba', 0, 0, 1, NULL, 307, 20, '', '', 'Amount', 3, 2, 1, 0),
(110, 21, 3, 1, 1, 1, 2, 'USD', 6, 'Deposit USD -Kampala', 'Amount-USD', 1, 'Customer Depositing USD to his account in the Kamapala Branch', 'commission', '', '2017-01-27 08:01:40', '2017-04-27 15:37:09', 0, 0, 'Deposit USD -Kampala', 1, 0, 1, 6, NULL, 20, '', '', 'Amount', 3, 2, 1, 0),
(111, 26, 4, 1, 1, 1, 2, 'UGX', 6, 'Deposit UGX-Kampala', 'Amount-UGX', 1, 'Customer Depositing UGX to his account in kampala', 'commission', '', '2017-01-27 08:04:39', '2017-04-27 15:01:44', 0, 0, 'Deposit UGX-Kampala', 1, 0, 1, 7, NULL, 20, '', '', 'Amount', 3, 2, 1, 0),
(112, 25, 5, 1, 1, 1, 2, 'SSP', 6, 'Deposit SSP-Kampala', 'Amount-SSP', 1, 'Customer Depositing SSP to his/her account in kamapala', 'commission', '', '2017-01-27 08:08:06', '2017-04-27 15:30:53', 0, 0, 'Deposit SSP-Kampala', 1, 0, 1, 8, NULL, 20, '', '', 'Amount', 3, 2, 1, 0),
(113, 3, 21, 1, 1, 1, 2, 'USD', 6, 'Withdraw USD -Kampala', 'Amount-USD', 1, 'Customer Withdrawing USD from his account', 'commission', '', '2017-01-27 08:16:15', '2017-04-27 15:37:13', 0, 0, 'Withdraw USD -Kampala', 0, 0, 1, 6, NULL, 20, '', '', 'Amount', 3, 2, 1, 0),
(114, 4, 26, 1, 1, 1, 2, 'UGX', 6, 'Withdraw UGX-Kampala', 'Amount-UGX', 1, 'Customer Withdrawing UGX from his account', 'commission', '', '2017-01-27 08:16:36', '2017-04-27 15:01:49', 0, 0, 'Withdraw UGX-Kampala', 0, 0, 1, 7, NULL, 20, '', '', 'Amount', 3, 2, 1, 0),
(115, 5, 25, 1, 1, 1, 2, 'SSP', 6, 'Withdraw SSP-Kampala', 'Amount-SSP', 1, 'Customer Withdrawing SSP from his account', 'commission', '', '2017-01-27 08:16:54', '2017-04-27 15:30:58', 0, 0, 'Withdraw SSP-Kampala', 0, 0, 1, 8, NULL, 20, '', '', 'Amount', 3, 2, 1, 0),
(116, 48, 8, 8, 8, 8, 2, 'SSP', 6, 'Deposit SSP-YEI', 'Amount-SSP', 1, 'Customer Depositing SSP to his Account in yei', 'commission', '', '2017-01-27 08:32:07', '2017-04-27 15:31:03', 0, 0, 'Deposit SSP-YEI', 1, 0, 1, 11, NULL, 20, '', '', 'Amount', 3, 2, 1, 0),
(117, 47, 7, 8, 8, 8, 2, 'UGX', 6, 'Deposit UGX -YEI', 'Amount-UGX', 1, 'Customer Depositing UGX to his Account in yei', 'commission', '', '2017-01-27 08:32:14', '2017-04-27 15:01:56', 0, 0, 'Deposit UGX-YEI', 1, 0, 1, 10, NULL, 20, '', '', 'Amount', 3, 2, 1, 0),
(118, 46, 6, 8, 8, 8, 2, 'USD', 6, 'Deposit USD -YEI', 'Amount-USD', 1, 'Customer Depositing USD to his account in Yei', 'commission', '', '2017-01-27 08:32:18', '2017-04-27 15:37:17', 0, 0, 'Deposit USD -YEI', 1, 0, 1, 9, NULL, 20, '', '', 'Amount', 3, 2, 1, 0),
(119, 8, 48, 8, 8, 8, 2, 'SSP', 6, 'Withdraw SSP-Yei', 'Amount-SSP', 1, 'Customer withdraw SSP from his account in Yei', 'commission', '', '2017-01-27 08:40:30', '2017-04-27 15:31:07', 0, 0, 'Withdraw SSP-Yei', 0, 0, 1, 11, NULL, 20, '', '', 'Amount', 3, 2, 1, 0),
(120, 8, 48, 8, 8, 8, 2, 'SSP', 6, 'Withdraw SSP-Yei', 'Amount-SSP', 1, 'Customer withdraw SSP from his account in Yei', 'commission', '', '2017-01-27 08:40:30', '2017-04-27 15:31:12', 0, 0, 'Withdraw SSP-Yei', 0, 0, 1, 11, NULL, 20, '', '', 'Amount', 3, 2, 1, 0),
(121, 7, 47, 8, 8, 8, 2, 'UGX', 6, 'Withdraw UGX-Yei', 'Amount-UGX', 1, 'Customer withdraw UGXfrom his account in Yei', 'commission', '', '2017-01-27 08:41:13', '2017-04-27 15:02:01', 0, 0, 'Withdraw UGX-Yei', 0, 0, 1, 10, NULL, 20, '', '', 'Amount', 3, 2, 1, 0),
(122, 6, 46, 8, 8, 8, 2, 'USD', 6, 'Withdraw USD-Yei', 'Amount-USD', 1, 'Customer withdraw USD from his account in Yei', 'commission', '', '2017-01-27 08:41:49', '2017-04-27 15:37:22', 0, 0, 'Withdraw USD-Yei', 0, 0, 1, 9, NULL, 20, '', '', 'Amount', 3, 2, 1, 0),
(123, 52, 11, 5, 5, 5, 2, 'SSP', 6, 'Deposit SSP-Koboko', 'Amount-SSP', 1, 'Customer Deposits SSP to his account in koboko', 'commission', '', '2017-01-27 08:52:40', '2017-04-27 15:31:17', 0, 0, 'Deposit SSP-Koboko', 1, 0, 1, 13, NULL, 20, '', '', 'Amount', 3, 2, 1, 0),
(124, 51, 10, 5, 5, 5, 2, 'UGX', 6, 'Deposit UGX-Koboko', 'Amount-UGX', 1, 'Customer Deposits UGX to his account in koboko', 'commission', '', '2017-01-27 08:52:43', '2017-04-27 15:03:16', 0, 0, 'Deposit UGX-Koboko', 1, 0, 1, 18, NULL, 20, '', '', 'Amount', 3, 2, 1, 0),
(125, 50, 9, 5, 5, 5, 2, 'USD', 6, 'Deposit USD -Koboko', 'Amount-USD', 1, 'Customer Deposits USD to his account in koboko', 'commission', '', '2017-01-27 08:52:51', '2017-04-27 15:37:26', 0, 0, 'Deposit USD -Koboko', 1, 0, 1, 21, NULL, 20, '', '', 'Amount', 3, 2, 1, 0),
(126, 11, 52, 5, 5, 5, 2, 'SSP', 6, 'Withdraw SSP-Koboko', 'Amount-SSP', 1, 'Customer withdraws SSP  from his account in Koboko branch', 'commission', '', '2017-01-27 09:03:10', '2017-04-27 15:33:39', 0, 0, 'Withdraw SSP-Koboko', 0, 0, 1, 13, NULL, 20, '', '', 'Amount', 3, 2, 1, 0),
(127, 10, 51, 5, 5, 5, 2, 'UGX', 6, 'Withdraw UGX-Koboko', 'Amount-UGX', 1, 'Customer withdraws UGX from his account in Koboko branch', 'commission', '', '2017-01-27 09:03:14', '2017-04-27 15:03:20', 0, 0, 'Withdraw UGX-Koboko', 0, 0, 1, 18, NULL, 20, '', '', 'Amount', 3, 2, 1, 0),
(128, 9, 50, 5, 5, 5, 2, 'USD', 6, 'Withdraw USD -Koboko', 'Amount-USD', 1, 'Customer withdraws USD from his account in Koboko branch', 'commission', '', '2017-01-27 09:03:25', '2017-04-27 15:38:06', 0, 0, 'Withdraw USD -Koboko', 0, 0, 1, 21, NULL, 20, '', '', 'Amount', 3, 2, 1, 0),
(129, 55, 14, 4, 4, 4, 2, 'SSP', 6, 'Deposit SSP-Arua', 'Amount-SSP', 1, 'Customer Deposits SSP to his account in the arua branch', 'commission', '', '2017-01-27 09:17:44', '2017-04-27 15:33:43', 0, 0, 'Deposit SSP-Arua', 1, 0, 1, 12, NULL, 20, '', '', 'Amount', 3, 2, 1, 0),
(130, 56, 13, 4, 4, 4, 2, 'UGX', 6, 'Deposit UGX-Arua', 'Amount-UGX', 1, 'Customer Deposits UGX to his account in the arua branch', 'commission', '', '2017-01-27 09:17:51', '2017-04-27 15:03:24', 0, 0, 'Deposit UGX-Arua', 1, 0, 1, 19, NULL, 20, '', '', 'Amount', 3, 2, 1, 0),
(131, 57, 12, 4, 4, 4, 2, 'USD', 6, 'Deposit USD-Arua', 'Amount-USD', 1, 'Customer Deposits USD to his account in the arua branch', 'commission', '', '2017-01-27 09:17:56', '2017-04-27 15:38:10', 0, 0, 'Deposit USD-Arua', 1, 0, 1, 20, NULL, 20, '', '', 'Amount', 3, 2, 1, 0),
(132, 14, 55, 4, 4, 4, 2, 'SSP', 6, 'Withdraw SSP-Arua', 'Amount-SSP', 1, 'Customer Withdraws SSP from his account in Arua branch', 'commission', '', '2017-01-27 09:25:17', '2017-04-27 15:33:47', 0, 0, 'Withdraw SSP-Arua', 0, 0, 1, 12, NULL, 20, '', '', 'Amount', 3, 2, 1, 0),
(133, 13, 56, 4, 4, 4, 2, 'UGX', 6, 'Withdraw UGX-Arua', 'Amount-UGX', 1, 'Customer Withdraws UGX from his account in Arua branch', 'commission', '', '2017-01-27 09:25:26', '2017-04-27 15:02:05', 0, 0, 'Withdraw UGX-Arua', 0, 0, 1, 19, NULL, 20, '', '', 'Amount', 3, 2, 1, 0),
(134, 12, 57, 4, 4, 4, 2, 'USD', 6, 'Withdraw USD-Arua', 'Amount-USD', 1, 'Customer Withdraws USD from his account in Arua branch', 'commission', '', '2017-01-27 09:25:30', '2017-04-27 15:38:14', 0, 0, 'Withdraw USD-Arua', 0, 0, 1, 20, NULL, 20, '', '', 'Amount', 3, 2, 1, 0),
(135, 59, 17, 2, 2, 2, 2, 'SSP', 6, 'Deposit SSP-Juba', 'Amount-SSP', 1, 'Customer deposits SSP to his account in the Juba branch', 'commission', '', '2017-01-27 09:45:45', '2017-04-27 15:33:54', 0, 0, 'Deposit SSP-Juba', 1, 0, 1, 14, NULL, 20, '', '', 'Amount', 3, 2, 1, 0),
(136, 60, 16, 2, 2, 2, 2, 'UGX', 6, 'Deposit UGX-Juba', 'Amount-UGX', 1, 'Customer deposits UGX to his account in the Juba branch', 'commission', '', '2017-01-27 09:45:53', '2017-04-27 15:02:10', 0, 0, 'Deposit UGX-Juba', 1, 0, 1, 17, NULL, 20, '', '', 'Amount', 3, 2, 1, 0),
(137, 61, 15, 2, 2, 2, 2, 'USD', 6, 'Deposit USD-Juba', 'Amount-USD', 1, 'Customer deposits USD to his account in the Juba branch', 'commission', '', '2017-01-27 09:46:04', '2017-04-27 15:38:18', 0, 0, 'Deposit USD-Juba', 1, 0, 1, 22, NULL, 20, '', '', 'Amount', 3, 2, 1, 0),
(138, 15, 61, 2, 2, 2, 2, 'USD', 6, 'Withdraw USD-Juba', 'Amount-USD', 1, 'Customer Withdraws USD from his account in juba branch', 'commission', '', '2017-01-27 09:52:02', '2017-04-27 15:38:22', 0, 0, 'Withdraw USD-Juba', 0, 0, 1, 23, NULL, 20, '', '', 'Amount', 3, 2, 1, 0),
(139, 16, 60, 2, 2, 2, 2, 'UGX', 6, 'Withdraw UGX-Juba', 'Amount-UGX', 1, 'Customer Withdraws UGX from his account in juba branch', 'commission', '', '2017-01-27 09:52:34', '2017-04-27 15:02:16', 0, 0, 'Withdraw UGX-Juba', 0, 0, 1, 17, NULL, 20, '', '', 'Amount', 3, 2, 1, 0),
(140, 17, 59, 2, 2, 2, 2, 'SSP', 6, 'Withdraw SSP-Juba', 'Amount-SSP', 1, 'Customer Withdraws SSP from his account in juba branch', 'commission', '', '2017-01-27 09:53:08', '2017-04-27 15:33:59', 0, 0, 'Withdraw SSP-Juba', 0, 0, 1, 14, NULL, 20, '', '', 'Amount', 3, 2, 1, 0),
(141, 65, 18, 6, 6, 6, 2, 'USD', 6, 'Deposit USD-Nimule', 'Amount-USD', 1, 'Customer deposits USD to his account in Nimule branch', 'commission', '', '2017-01-27 10:05:33', '2017-04-27 15:38:27', 0, 0, 'Deposit USD-Nimule', 1, 0, 1, 23, NULL, 20, '', '', 'Amount', 3, 2, 1, 0),
(142, 64, 19, 6, 6, 6, 2, 'UGX', 6, 'Deposit UGX-Nimule', 'Amount-UGX', 1, 'Customer deposits UGX to his account in nimule branch', 'commission', '', '2017-01-27 10:06:38', '2017-04-27 15:02:19', 0, 0, 'Deposit UGX-Nimule', 1, 0, 1, 16, NULL, 20, '', '', 'Amount', 3, 2, 1, 0),
(143, 63, 20, 6, 6, 6, 2, 'SSP', 6, 'Deposit SSP-Nimule', 'Amount-SSP', 1, 'Customer deposits SSP to his account in nimule branch', 'commission', '', '2017-01-27 10:07:06', '2017-04-27 15:34:05', 0, 0, 'Deposit SSP-Nimule', 1, 0, 1, 15, NULL, 20, '', '', 'Amount', 3, 2, 1, 0),
(144, 18, 65, 6, 6, 6, 2, 'USD', 6, 'Withdraw USD-Nimule', 'Amount-USD', 1, 'Customer withdraws USD from his account in Nimule', 'commission', '', '2017-01-27 10:12:56', '2017-04-27 15:38:32', 0, 0, 'Withdraw USD-Nimule', 0, 0, 1, 23, NULL, 20, '', '', 'Amount', 3, 2, 1, 0),
(145, 19, 64, 6, 6, 6, 2, 'UGX', 6, 'Withdraw UGX-Nimule', 'Amount-UGX', 1, 'Customer withdraws UGX from his account in Nimule', 'commission', '', '2017-01-27 10:13:58', '2017-04-27 15:02:25', 0, 0, 'Withdraw UGX-Nimule', 0, 0, 1, 16, NULL, 20, '', '', 'Amount', 3, 2, 1, 0),
(146, 20, 63, 6, 6, 6, 2, 'SSP', 6, 'Withdraw SSP-Nimule', 'Amount-SSP', 1, 'Customer withdraws SSP from his account in Nimule', 'commission', '', '2017-01-27 10:14:29', '2017-04-27 15:34:10', 0, 0, 'Withdraw SSP-Nimule', 0, 0, 1, 15, NULL, 20, '', '', 'Amount', 3, 2, 1, 0),
(147, 5, 28, 1, 1, 1, 1, 'SSP', 6, 'SSP kampala profits cut', 'Amount-SSP', 1, 'Transaction to cut off SSP profits from original  transactionin kampala branch', '', '', '2017-01-27 21:56:48', '2017-04-27 15:34:15', 0, 0, 'SSP kampala profits cut', 1, 0, 1, NULL, NULL, 20, '', '', '', 3, 2, 1, 0),
(148, 4, 29, 1, 1, 1, 1, 'UGX', 6, 'UGX kampala profits cut', 'Amount-UGX', 1, 'Transaction to cut off UGX profits from original  transactionin kampala branch', '', '', '2017-01-27 21:56:59', '2017-04-27 15:02:30', 0, 0, 'UGX kampala profits cut', 1, 0, 1, NULL, NULL, 20, '', '', '', 3, 2, 1, 0),
(149, 3, 30, 1, 1, 1, 1, 'USD', 6, 'USD kampala profits cut', 'Amount-USD', 1, 'Transaction to cut off USD profits from original  transactionin kampala branch', '', '', '2017-01-27 21:57:04', '2017-04-27 15:38:40', 0, 0, 'USD kampala profits cut', 1, 0, 1, NULL, NULL, 20, '', '', '', 3, 2, 1, 0),
(150, 6, 31, 8, 8, 8, 1, 'USD', 6, 'USD Yei profits cut ', 'Amount-USD', 1, 'Transaction to cut off profits in USD in Yei branch', '', '', '2017-01-27 22:06:17', '2017-04-27 15:39:28', 0, 0, 'USD Yei profits cut ', 1, 0, 1, NULL, NULL, 20, '', '', '', 3, 2, 1, 0),
(151, 7, 32, 8, 8, 8, 1, 'UGX', 6, 'UGX Yei profits cut ', 'Amount-UGX', 1, 'Transaction to cut off profits in UGX in Yei branch', '', '', '2017-01-27 22:06:26', '2017-04-27 15:02:34', 0, 0, 'UGX Yei profits cut ', 1, 0, 1, NULL, NULL, 20, '', '', '', 3, 2, 1, 0),
(152, 8, 33, 8, 8, 8, 1, 'SSP', 6, 'SSP Yei profits cut ', 'Amount-SSP', 1, 'Transaction to cut off profits in SSP in Yei branch', '', '', '2017-01-27 22:06:31', '2017-04-27 15:34:19', 0, 0, 'SSP Yei profits cut ', 1, 0, 1, NULL, NULL, 20, '', '', '', 3, 2, 1, 0),
(153, 14, 36, 4, 4, 4, 1, 'SSP', 6, 'SSP Arua profits cut ', 'Amount-SSP', 1, 'Transaction to cut off profits in UGX in Arua branch', '', '', '2017-01-30 07:22:46', '2017-04-27 15:34:23', 0, 0, 'SSP Arua profits cut ', 1, 0, 1, NULL, NULL, 20, '', '', '', 3, 2, 1, 0),
(154, 13, 35, 4, 4, 4, 1, 'UGX', 6, 'UGX   Arua profits cut ', 'Amount-UGX', 1, 'Transaction to cut off profits in UGX in Arua branch', '', '', '2017-01-30 07:22:51', '2017-04-27 15:02:39', 0, 0, 'UGX Arua profits cut ', 1, 0, 1, NULL, NULL, 20, '', '', '', 3, 2, 1, 0),
(155, 12, 34, 4, 4, 4, 1, 'USD', 6, 'USD  Arua profits cut ', 'Amount-USD', 1, 'Transaction to cut off profits in USD in Arua branch', '', '', '2017-01-30 07:22:55', '2017-04-27 15:39:32', 0, 0, 'USD  Arua profits cut ', 1, 0, 1, NULL, NULL, 20, '', '', '', 3, 2, 1, 0),
(156, 11, 39, 5, 5, 5, 1, 'SSP', 6, 'SSP Koboko profits cut ', 'Amount-SSP', 1, 'Transaction to cut off profits in SSP in Koboko branch', '', '', '2017-01-30 07:29:32', '2017-04-27 15:34:32', 0, 0, 'SSP Koboko profits cut ', 1, 0, 1, NULL, NULL, 20, '', '', '', 3, 2, 1, 0),
(157, 10, 38, 5, 5, 5, 1, 'UGX', 6, 'UGX  Koboko profits cut ', NULL, 1, 'Transaction to cut off profits in UGX in Koboko branch', '', '', '2017-01-30 07:29:36', '2017-01-30 07:29:36', 0, 0, 'UGX Koboko profits cut ', 1, 0, 1, NULL, NULL, 20, '', '', '', 3, 2, 1, 0),
(158, 9, 37, 5, 5, 5, 1, 'USD', 6, 'USD Koboko profits cut ', 'Amount-USD', 1, 'Transaction to cut off profits in USD in Koboko branch', '', '', '2017-01-30 07:29:41', '2017-04-27 15:39:36', 0, 0, 'USD Koboko profits cut ', 1, 0, 1, NULL, NULL, 20, '', '', '', 3, 2, 1, 0),
(159, 17, 40, 2, 2, 2, 1, 'SSP', 6, 'SSP Juba  profits cut ', 'Amount-SSP', 1, 'Transaction to cut off profits in SSP in Juba branch', '', '', '2017-01-30 07:37:09', '2017-04-27 15:34:40', 0, 0, 'SSP Juba  profits cut ', 1, 0, 1, NULL, NULL, 20, '', '', '', 3, 2, 1, 0),
(160, 16, 41, 2, 2, 2, 1, 'UGX', 6, 'UGX Juba  profits cut ', NULL, 1, 'Transaction to cut off profits in UGX in Juba branch', '', '', '2017-01-30 07:37:15', '2017-01-30 07:37:15', 0, 0, 'UGX Juba  profits cut ', 1, 0, 1, NULL, NULL, 20, '', '', '', 3, 2, 1, 0),
(161, 15, 42, 2, 2, 2, 1, 'USD', 6, 'USD  Juba  profits cut ', 'Amount-USD', 1, 'Transaction to cut off profits in USD in Juba branch', '', '', '2017-01-30 07:37:21', '2017-04-27 15:39:41', 0, 0, 'USD  Juba  profits cut ', 1, 0, 1, NULL, NULL, 20, '', '', '', 3, 2, 1, 0),
(162, 20, 45, 6, 6, 6, 1, 'SSP', 6, 'SSP Nimule profits cut ', 'Amount-SSP', 1, 'Transaction to cut off profits in SSP in Nimule branch', '', '', '2017-01-30 07:46:02', '2017-04-27 15:34:46', 0, 0, 'SSP Nimule profits cut ', 1, 0, 1, NULL, NULL, 20, '', '', '', 3, 2, 1, 0),
(163, 19, 44, 6, 6, 6, 1, 'UGX', 6, 'UGX Nimule profits cut ', NULL, 1, 'Transaction to cut off profits in UGX in Nimule branch', '', '', '2017-01-30 07:46:06', '2017-01-30 07:46:06', 0, 0, 'UGX Nimule profits cut ', 1, 0, 1, NULL, NULL, 20, '', '', '', 3, 2, 1, 0),
(164, 18, 43, 6, 6, 6, 1, 'USD', 6, 'USD Nimule profits cut ', 'Amount-USD', 1, 'Transaction to cut off profits in USD in Nimule branch', '', '', '2017-01-30 07:46:09', '2017-04-27 15:39:47', 0, 0, 'USD Nimule profits cut ', 1, 0, 1, NULL, NULL, 20, '', '', '', 3, 2, 1, 0),
(165, 71, 6, 8, 5, 8, 1, 'USD', 6, 'Send USD to koboko-Yei', 'Amount-USD', 1, 'Send USD from koboko to Yei', 'commission,sender,senders_phone,receiver,receivers_phone', '', '2017-02-06 19:19:44', '2017-09-17 15:16:10', 1, 0, 'Send USD to koboko-Yei', 1, 0, 1, 9, NULL, 20, '', '', '', 3, 2, 1, 0),
(166, 18, 81, 1, 6, 6, 1, 'USD', 1, 'USD Received from Kampala-to nimule', 'Amount-USD', 1, 'transaction to Debit USD from paying out to customers', 'reference_code,commission,sender,senders_phone,receiver,receivers_phone', '', '2017-02-06 20:44:17', '2017-09-26 22:43:40', 1, 0, 'USD Received from Kampala-to nimule', 0, 0, 1, 23, NULL, 20, '', '', '', 3, 2, 1, 0),
(167, 19, 82, 1, 6, 6, 1, 'UGX', 1, 'UGX Received from Kampala-to nimule', 'Amount-UGX', 1, 'transaction to debit UGX  after paying out to customers', 'reference_code,commission,sender,senders_phone,receiver,receivers_phone', '', '2017-02-06 20:44:22', '2017-09-26 22:45:14', 1, 0, 'UGX Received from Kampala-to nimule', 0, 0, 1, 16, NULL, 20, '', '', '', 3, 2, 0, 0),
(168, 11, 74, 1, 5, 5, 1, 'SSP', 1, 'SSP Received from Kampala-to Koboko', 'Amount-SSP', 1, 'transaction to debit SSP in after paying out a client', 'reference_code,commission,sender,senders_phone,receiver,receivers_phone', '', '2017-02-06 20:44:26', '2017-09-26 22:27:59', 1, 0, 'SSP Received from Kampala-to Koboko', 0, 0, 1, 13, NULL, 20, '', '', '', 3, 2, 1, 0),
(169, 18, 81, 8, 6, 6, 1, 'USD', 1, 'USD Received from Yei-to nimule', 'Amount-USD', 1, 'transaction to Debit USD from paying out to customers', 'reference_code,commission,sender,senders_phone,receiver,receivers_phone', '', '2017-02-06 20:51:37', '2017-09-26 22:43:51', 1, 0, 'USD Received from Yei-to nimule', 0, 0, 1, 23, NULL, 20, '', '', '', 3, 2, 1, 0);
INSERT INTO `transaction_types` (`id`, `from_account_id`, `to_account_id`, `from_branch_id`, `to_branch_id`, `branch_id`, `account_type_id`, `currency_id`, `transaction_status_id`, `name`, `name_on_receipt`, `show_on_receipt`, `description`, `custom_fields`, `custom_field_options`, `created`, `modified`, `add_to_menu`, `super_admin_menu_only`, `menu_link_title`, `balance_sheet_side`, `quantitized`, `enabled`, `commission_structure_id`, `linked_transaction_type_id`, `priority`, `quantity_label`, `amount_label`, `value_label`, `reverse_operant`, `decimal_places`, `on_create_lock_to_branch_from`, `require_target_user`) VALUES
(170, 19, 82, 8, 6, 6, 1, 'UGX', 1, 'UGX Received from Yei-to nimule', 'Amount-UGX', 1, 'transaction to debit UGX  after paying out to customers', 'reference_code,commission,sender,senders_phone,receiver,receivers_phone', '', '2017-02-06 20:51:40', '2017-09-26 22:45:27', 1, 0, 'UGX Received from Yei-to nimule', 0, 0, 1, 16, NULL, 20, '', '', '', 3, 2, 1, 0),
(171, 20, 83, 8, 6, 6, 1, 'SSP', 1, 'SSP Received from Yei-to nimule', 'Amount-SSP', 1, 'transaction to debit SSP after paying out to a customer', 'reference_code,commission,sender,senders_phone,receiver,receivers_phone', '', '2017-02-06 20:51:44', '2017-09-26 22:46:50', 1, 0, 'SSP Received from Yei-to nimule', 0, 0, 1, 15, NULL, 20, '', '', '', 3, 2, 1, 0),
(172, 20, 83, 5, 6, 6, 1, 'SSP', 1, 'SSP Received from Koboko-to nimule', 'Amount-SSP', 1, 'transaction to debit SSP after paying out to a customer', 'reference_code,commission,sender,senders_phone,receiver,receivers_phone', '', '2017-02-06 20:59:50', '2017-09-26 22:46:59', 1, 0, 'SSP Received from Koboko-to nimule', 0, 0, 1, 15, NULL, 20, '', '', '', 3, 2, 1, 0),
(173, 19, 82, 5, 6, 6, 1, 'UGX', 1, 'UGX Received from Koboko-to nimule', 'Amount-UGX', 1, 'transaction to debit UGX  after paying out to customers', 'reference_code,commission,sender,senders_phone,receiver,receivers_phone', '', '2017-02-06 20:59:55', '2017-09-26 22:45:36', 1, 0, 'UGX Received from Koboko-to nimule', 0, 0, 1, 16, NULL, 20, '', '', '', 3, 2, 1, 0),
(174, 18, 81, 5, 6, 6, 1, 'USD', 1, 'USD Received from Koboko-to nimule', 'Amount-USD', 1, 'transaction to Debit USD from paying out to customers', 'reference_code,commission,sender,senders_phone,receiver,receivers_phone', '', '2017-02-06 21:00:01', '2017-09-26 22:44:10', 1, 0, 'USD Received from Koboko-to nimule', 0, 0, 1, 23, NULL, 20, '', '', '', 3, 2, 1, 0),
(175, 18, 81, 2, 6, 6, 1, 'USD', 1, 'USD Received from Juba-to nimule', 'Amount-USD', 1, 'transaction to Debit USD from paying out to customers', 'reference_code,commission,sender,senders_phone,receiver,receivers_phone', '', '2017-02-06 21:15:21', '2017-09-26 22:44:22', 1, 0, 'USD Received from Juba-to nimule', 0, 0, 1, 23, NULL, 20, '', '', '', 3, 2, 1, 0),
(176, 19, 82, 2, 6, 6, 1, 'UGX', 1, 'UGX Received from Juba-to nimule', 'Amount-UGX', 1, 'transaction to debit UGX  after paying out to customers', 'reference_code,commission,sender,senders_phone,receiver,receivers_phone', '', '2017-02-06 21:15:25', '2017-09-26 22:45:47', 1, 0, 'UGX Received from Juba-to nimule', 0, 0, 1, 16, NULL, 20, '', '', '', 3, 2, 1, 0),
(177, 20, 83, 2, 6, 6, 1, 'SSP', 1, 'SSP Received from Juba-to nimule', 'Amount-SSP', 1, 'transaction to debit SSP after paying out to a customer', 'reference_code,commission,sender,senders_phone,receiver,receivers_phone', '', '2017-02-06 21:15:28', '2017-09-26 22:47:10', 1, 0, 'SSP Received from Juba-to nimule', 0, 0, 1, 15, NULL, 20, '', '', '', 3, 2, 1, 0),
(178, 18, 81, 4, 6, 6, 1, 'USD', 1, 'USD Received from Arua-to nimule', 'Amount-USD', 1, 'transaction to Debit USD from paying out to customers', 'reference_code,commission,sender,senders_phone,receiver,receivers_phone', '', '2017-02-06 21:26:16', '2017-09-26 22:44:32', 1, 0, 'USD Received from Arua-to nimule', 0, 0, 1, 23, NULL, 20, '', '', '', 3, 2, 1, 0),
(179, 19, 82, 4, 6, 6, 1, 'UGX', 1, 'UGX Received from Arua-to nimule', 'Amount-UGX', 1, 'transaction to debit UGX  after paying out to customers', 'reference_code,commission,sender,senders_phone,receiver,receivers_phone', '', '2017-02-06 21:26:16', '2017-09-26 22:45:57', 1, 0, 'UGX Received from Arua-to nimule', 0, 0, 1, 16, NULL, 20, '', '', '', 3, 2, 1, 0),
(180, 20, 83, 4, 6, 6, 1, 'SSP', 1, 'SSP Received from Arua-to nimule', 'Amount-SSP', 1, 'transaction to debit SSP after paying out to a customer', 'reference_code,commission,sender,senders_phone,receiver,receivers_phone', '', '2017-02-06 21:26:17', '2017-09-26 22:47:22', 1, 0, 'SSP Received from Arua-to nimule', 0, 0, 1, 15, NULL, 20, '', '', '', 3, 2, 1, 0),
(181, 5, 68, 6, 1, 1, 1, 'SSP', 1, 'SSP Received from Nimule-to kampala', 'Amount-SSP', 1, 'transaction to debit SSP in Nimule after paying out clients', 'reference_code,commission,sender,senders_phone,receiver,receivers_phone', '', '2017-02-06 21:42:25', '2017-09-26 22:11:33', 1, 0, 'SSP Received from Nimule-to kampala', 0, 0, 1, 8, NULL, 20, '', '', '', 3, 2, 1, 0),
(182, 4, 67, 6, 1, 1, 1, 'UGX', 1, 'UGX Received from Nimule-to kampala', 'Amount-UGX', 1, 'transaction to debit UGX in kampala after paying out to clients', 'reference_code,commission,sender,senders_phone,receiver,receivers_phone', '', '2017-02-06 21:42:28', '2017-10-30 06:45:29', 1, 0, 'UGX Received from Nimule-to kampala', 0, 0, 1, 7, NULL, 20, '', '', '', 3, 2, 1, 0),
(183, 3, 66, 6, 1, 1, 1, 'USD', 1, 'USD Received from Nimule-to kampala', 'Amount-USD', 1, 'transaction to credit USD in Nimule after an initiated transfer transaction', 'reference_code,commission,sender,senders_phone,receiver,receivers_phone', '', '2017-02-06 21:42:33', '2017-09-26 22:04:08', 1, 0, 'USD Received from Nimule-to kampala', 0, 0, 1, 6, NULL, 20, '', '', '', 3, 2, 1, 0),
(184, 88, 84, 9, 9, 9, 2, 'USD', 6, 'Deposit USD to the business', '', 1, 'Depositing USD to the business', '', '', '2017-03-20 18:44:04', '2017-03-29 20:20:17', 0, 0, 'Deposit USD to the business', 1, 0, 1, NULL, NULL, 20, '', '', '', 3, 2, 1, 0),
(185, 89, 85, 9, 9, 9, 2, 'UGX', 6, 'Deposit UGX to the business', 'Amount-UGX', 1, 'Depositing UGX to the business', '', '', '2017-03-20 18:45:16', '2017-04-27 15:04:52', 0, 0, 'Deposit UGX  to the business', 1, 0, 1, NULL, NULL, 20, '', '', '', 3, 2, 1, 0),
(186, 90, 86, 9, 9, 9, 2, 'SSP', 6, 'Deposit SSP to the business', 'Amount-SSP', 1, 'Depositing SSP to the business', '', '', '2017-03-20 18:47:39', '2017-04-27 15:35:16', 0, 0, 'Deposit SSP  to the business', 1, 0, 1, NULL, NULL, 20, '', '', '', 3, 2, 1, 0),
(187, 5, 86, 1, 9, 9, 0, 'SSP', 1, 'SSP Received for transaction in OutBranch from kampala', 'Amount-SSP', 1, 'transaction to debit SSP  money from the out branch account', '', '', '2017-03-29 22:30:42', '2017-05-29 16:34:25', 0, 0, 'SSP Received for transaction in OutBranch from kampala', 1, 0, 1, NULL, NULL, 20, '', '', '', 3, 2, 1, 0),
(188, 4, 85, 1, 9, 9, 1, 'UGX', 1, 'UGX Received for transaction in OutBranch from kampala', 'Amount-UGX', 1, 'transaction to debit UGX  money from the out branch account', '', '', '2017-03-29 22:30:45', '2017-05-29 16:34:30', 0, 0, 'UGX Received for transaction in OutBranch from kampala', 1, 0, 1, NULL, NULL, 20, '', '', '', 3, 2, 1, 0),
(190, 84, 3, 9, 1, 9, 1, 'USD', 1, 'Send USD to kampala Cashier', 'Amount-USD', 1, 'Send USD to kampala Cashier', '', '', '2017-03-30 13:32:53', '2017-05-29 18:17:05', 1, 0, 'Send USD to kampala Cashier', 0, 0, 1, NULL, 211, 20, '', '', '', 3, 2, 1, 0),
(191, 85, 4, 9, 1, 9, 1, 'UGX', 1, 'Send UGX to  kampala Cashier', 'Amount-UGX', 1, 'Send UGX to  kampala Cashier', '', '', '2017-03-30 13:32:55', '2017-05-29 18:18:35', 1, 0, 'Send UGX to  kampala Cashier', 0, 0, 1, NULL, 212, 20, '', '', '', 3, 2, 1, 0),
(192, 86, 5, 5, 1, 9, 1, 'SSP', 1, 'Send SSP to kampala Cashier', 'amount', 1, 'Send SSP to kampala Cashier', '', '', '2017-03-30 13:33:02', '2017-05-29 18:21:57', 1, 0, 'Send SSP to kampala Cashier', 0, 0, 1, NULL, 213, 20, '', '', '', 3, 2, 1, 0),
(193, 86, 17, 9, 2, 9, 1, 'SSP', 1, 'Send SSP to Juba Cashier', 'Amount-SSP', 1, 'Send SSP to Juba Cashier', '', '', '2017-03-30 13:41:39', '2017-05-29 18:22:24', 1, 0, 'Send SSP to Juba Cashier', 0, 0, 1, NULL, 214, 20, '', '', '', 3, 2, 1, 0),
(194, 85, 16, 9, 2, 9, 1, 'UGX', 1, 'Send UGX to Juba Cashier', 'Amount-UGX', 1, 'Send UGX to Juba Cashier', '', '', '2017-03-30 13:41:48', '2017-05-29 18:18:58', 1, 0, 'Send UGX to Juba Cashier', 0, 0, 1, NULL, 215, 20, '', '', '', 3, 2, 1, 0),
(195, 84, 15, 9, 2, 9, 1, 'USD', 1, 'Send USD to juba Cashier', 'Amount-USD', 1, 'Send USD to juba Cashier', '', '', '2017-03-30 13:41:52', '2017-05-29 18:17:11', 1, 0, 'Send USD to juba Cashier', 0, 0, 1, NULL, 216, 20, '', '', '', 3, 2, 1, 0),
(196, 84, 12, 9, 4, 9, 1, 'USD', 1, 'Send USD to Arua Cashier', 'Amount-USD', 1, 'Send USD to Arua Cashier', '', '', '2017-03-30 14:52:41', '2017-05-29 18:17:16', 1, 0, 'Send USD to Arua Cashier', 0, 0, 1, NULL, 219, 20, '', '', '', 3, 2, 1, 0),
(197, 85, 16, 9, 4, 9, 0, 'UGX', 1, 'Send UGX to Arua Cashier', 'Amount-UGX', 1, 'Send UGX to Arua Cashier', '', '', '2017-03-30 14:52:41', '2017-05-29 18:19:22', 1, 0, 'Send UGX to Arua Cashier', 0, 0, 1, NULL, 218, 20, '', '', '', 3, 2, 1, 0),
(198, 86, 14, 9, 4, 9, 1, 'SSP', 1, ' Send SSP to  Arua Cashier', 'Amount-SSP', 1, ' Send SSP to  Arua Cashier', '', '', '2017-03-30 15:01:40', '2017-05-29 18:22:47', 1, 0, ' Send SSP to  Arua Cashier', 0, 0, 1, NULL, 217, 20, '', '', '', 3, 2, 1, 0),
(199, 84, 9, 9, 5, 9, 1, 'USD', 1, 'Send USD to Koboko Cashier ', 'Amount-USD', 1, 'Send USD to Koboko Cashier ', '', '', '2017-03-30 17:23:25', '2017-05-29 18:17:21', 1, 0, 'Send USD to Koboko Cashier ', 0, 0, 1, NULL, 222, 20, '', '', '', 3, 2, 1, 0),
(200, 85, 10, 9, 5, 9, 1, 'UGX', 1, 'Send UGX to koboko Cashier', 'Amount-UGX', 1, 'Send UGX to koboko Cashier', '', '', '2017-03-30 17:23:32', '2017-05-29 18:19:44', 1, 0, 'Send UGX to koboko Cashier', 0, 0, 1, NULL, 200, 20, '', '', '', 3, 2, 1, 0),
(201, 86, 11, 9, 5, 9, 1, 'SSP', 1, 'Send SSP to Koboko Cashier', 'Amount-SSP', 1, 'Send SSP to Koboko Cashier', '', '', '2017-03-30 17:23:38', '2017-05-29 18:23:14', 1, 0, 'Send SSP to Koboko Cashier', 0, 0, 1, NULL, 220, 20, '', '', '', 3, 2, 1, 0),
(202, 84, 6, 9, 8, 9, 1, 'USD', 1, 'Send USD to Yei Cashier', 'Amount-USD', 1, 'Send USD to Yei Cashier', '', '', '2017-03-30 17:41:20', '2017-05-29 18:17:27', 1, 0, 'Send USD to Yei Cashier', 0, 0, 1, NULL, 223, 20, '', '', '', 3, 2, 1, 0),
(203, 85, 7, 9, 8, 9, 1, 'UGX', 1, 'Send UGX to Yei Cashier', 'Amount-UGX', 1, 'Send UGX to Yei Cashier', '', '', '2017-03-30 17:41:25', '2017-05-29 18:20:10', 1, 0, 'Send UGX to Yei Cashier', 0, 0, 1, NULL, 225, 20, '', '', '', 3, 2, 1, 0),
(204, 86, 8, 9, 8, 9, 1, 'SSP', 1, 'Send SSP to Yei Cashier', 'Amount-SSP', 1, 'Send SSP to Yei Cashier', '', '', '2017-03-30 17:41:28', '2017-05-29 18:23:39', 1, 0, 'Send SSP to Yei Cashier', 0, 0, 1, NULL, 224, 20, '', '', '', 3, 2, 1, 0),
(205, 86, 20, 9, 6, 9, 1, 'SSP', 1, 'Send SSP to Nimule Cashier', 'Amount-SSP', 1, 'Send SSP to Nimule Cashier', '', '', '2017-03-30 18:16:17', '2017-05-29 18:24:12', 1, 0, 'Send SSP to Nimule Cashier', 0, 0, 1, NULL, 227, 20, '', '', '', 3, 2, 1, 0),
(206, 85, 19, 9, 6, 9, 0, 'UGX', 1, 'Send UGX  to Nimule Cashier', 'Amount-UGX', 1, 'Send UGX  to Nimule Cashier', '', '', '2017-03-30 18:16:20', '2017-05-29 18:20:37', 1, 0, 'Send UGX  to Nimule Cashier', 1, 0, 1, NULL, 226, 20, '', '', '', 3, 2, 1, 0),
(207, 84, 18, 9, 6, 9, 1, 'USD', 1, 'Send USD to  Nimule Cashier', 'Amount-USD', 1, 'Send USD to  Nimule Cashier', '', '', '2017-03-30 18:16:25', '2017-05-29 18:17:00', 1, 0, 'Send USD to  Nimule Cashier', 0, 0, 1, NULL, 228, 20, '', '', '', 3, 2, 1, 0),
(208, 84, 88, 9, 9, 9, 2, 'USD', 6, 'Withdraw USD From Main Volt', 'Amount-USD', 1, 'Withdraw USD from Bussiness volt', '', '', '2017-03-30 23:52:10', '2017-03-30 23:57:33', 0, 0, 'Withdraw USD From Main Volt', 0, 0, 1, NULL, NULL, 20, '', '', '', 3, 2, 1, 0),
(209, 85, 89, 9, 9, 9, 2, 'UGX', 6, 'Withdraw UGX From Main Volt', 'Amount-UGX', 1, 'Withdraw UGX from Bussiness volt', '', '', '2017-03-30 23:52:23', '2017-03-30 23:56:52', 0, 0, 'Withdraw UGX From Main Volt', 0, 0, 1, NULL, NULL, 20, '', '', '', 3, 2, 1, 0),
(210, 86, 90, 9, 9, 9, 2, 'SSP', 6, 'Withdraw SSP From Main Volt', 'Amount-SSP', 1, 'Withdraw SSP from Bussiness volt', '', '', '2017-03-30 23:52:37', '2017-03-30 23:56:17', 0, 0, 'Withdraw SSP From Main Volt', 0, 0, 1, NULL, NULL, 20, '', '', '', 3, 2, 1, 0),
(211, 84, 3, 9, 1, 1, 0, 'USD', 1, 'Money USD received from mainVolt-kampaala', 'Amount-USD', 1, 'Debit USD from kampala branch after sending money to the main volt', '', '', '2017-05-12 19:10:04', '2017-05-29 12:26:44', 0, 0, 'Money USD received from mainVolt-kampala', 1, 0, 1, NULL, NULL, 20, '', '', '', 3, 2, 1, 0),
(212, 85, 4, 9, 1, 1, 0, 'UGX', 1, 'Money UGX  received from  mainVolt-kampala', 'Amount-UGX', 1, 'Debit UGX from kampala branch after sending money to the main volt', '', '', '2017-05-12 19:10:20', '2017-05-29 12:26:39', 0, 0, 'Money UGX  received from  mainVolt-kampala', 1, 0, 1, NULL, NULL, 20, '', '', '', 3, 2, 1, 0),
(213, 86, 5, 9, 1, 1, 0, 'SSP', 1, 'Money SSP Received from mainVolt-kampala', 'Amount-SSP', 1, 'Debit SSP  from kampala branch after sending money to the main volt', '', '', '2017-05-12 19:10:24', '2017-05-29 12:26:36', 0, 0, 'Money SSP Received from mainVolt-kampala', 1, 0, 1, NULL, NULL, 20, '', '', '', 3, 2, 1, 0),
(214, 86, 17, 9, 2, 2, 0, 'SSP', 1, 'Money SSP received from mainVolt-juba', '', 1, 'Debit SSP from Juba branch after sending money to the main volt', '', '', '2017-05-12 19:19:31', '2017-05-29 12:54:20', 0, 0, 'Money SSP received from mainVolt-juba', 1, 0, 1, NULL, NULL, 20, '', '', '', 3, 2, 1, 0),
(215, 85, 16, 9, 2, 2, 0, 'UGX', 1, 'Money UGX received from mainVolt-juba', '', 1, 'Debit UGX from Juba branch after sending money to the main volt', '', '', '2017-05-12 19:19:32', '2017-05-29 12:54:03', 0, 0, 'Money UGX received from mainVolt-juba', 1, 0, 1, NULL, NULL, 20, '', '', '', 3, 2, 1, 0),
(216, 84, 15, 9, 2, 2, 0, 'USD', 1, 'Money USD received from mainVolt-juba', '', 1, 'Debit USD from Juba branch after sending money to the main volt', '', '', '2017-05-12 19:19:36', '2017-05-29 12:53:59', 0, 0, 'Money USD received from mainVolt-juba', 1, 0, 1, NULL, NULL, 20, '', '', '', 3, 2, 1, 0),
(217, 86, 14, 9, 4, 4, 0, 'SSP', 1, 'Money SSP received from mainVolt-arua', '', 1, 'Debit SSP from Arua branch after sending money to the main volt', '', '', '2017-05-12 19:49:37', '2017-05-29 12:46:16', 0, 0, 'Money SSP received from mainVolt-arua', 1, 0, 1, NULL, NULL, 20, '', '', '', 3, 2, 1, 0),
(218, 85, 16, 9, 4, 4, 0, 'UGX', 1, 'Money UGX received from mainVolt-arua', '', 1, 'Debit UGX  from Arua branch after sending money to the main volt', '', '', '2017-05-12 19:49:37', '2017-05-29 12:46:10', 0, 0, 'Money UGX received from mainVolt-arua', 1, 0, 1, NULL, NULL, 20, '', '', '', 3, 2, 1, 0),
(219, 84, 12, 9, 4, 4, 0, 'USD', 1, 'Money USD received from mainVolt-arua', '', 1, 'Debit USD from Arua branch after sending money to the main volt', '', '', '2017-05-12 19:49:41', '2017-05-29 12:46:08', 0, 0, 'Money USD received from mainVolt-arua', 1, 0, 1, NULL, NULL, 20, '', '', '', 3, 2, 0, 0),
(220, 86, 11, 9, 5, 5, 0, 'SSP', 1, 'Money SSP received from mainVolt-koboko', '', 1, 'Debit SSP from Koboko branch after sending money to the main volt', '', '', '2017-05-12 20:43:22', '2017-05-29 12:40:01', 0, 0, 'Money SSP received from mainVolt-koboko', 1, 0, 1, NULL, NULL, 20, '', '', '', 3, 2, 1, 0),
(221, 85, 10, 9, 5, 5, 0, 'UGX', 1, 'Money UGX received from mainVolt-koboko', '', 1, 'Debit UGX from Koboko branch after sending money to the main volt', '', '', '2017-05-12 20:43:24', '2017-05-29 12:39:57', 0, 0, 'Money UGX received from mainVolt-koboko', 1, 0, 1, NULL, NULL, 20, '', '', '', 3, 2, 1, 0),
(222, 84, 9, 9, 5, 5, 0, 'USD', 1, 'Money USD received from  mainVolt-koboko', '', 1, 'Debit USD from Koboko branch after sending money to the main volt', '', '', '2017-05-12 20:43:27', '2017-05-29 12:39:54', 0, 0, 'Money USD received from  mainVolt-koboko', 1, 0, 1, NULL, NULL, 20, '', '', '', 3, 2, 1, 0),
(223, 84, 6, 9, 8, 8, 0, 'USD', 1, 'Money USD received from mainVolt-Yei', '', 1, 'Debit USD from Yei branch after sending money to the main volt', '', '', '2017-05-12 21:01:18', '2017-05-29 12:33:59', 0, 0, 'Money USD received from  mainVolt-Yei', 1, 0, 1, NULL, NULL, 20, '', '', '', 3, 2, 1, 0),
(224, 86, 8, 9, 8, 8, 0, 'SSP', 1, 'Money SSP Received from mainVolt-Yei', '', 1, 'Debit UGX  from Yei branch after sending money to the main volt', '', '', '2017-05-12 21:01:27', '2017-05-29 12:34:05', 0, 0, 'Money SSP Received from mainVolt-Yei', 1, 0, 1, NULL, NULL, 20, '', '', '', 3, 2, 0, 0),
(225, 85, 7, 9, 8, 8, 0, 'UGX', 1, 'Money UGX received from mainVolt-Yei', '', 1, 'Debit UGX from Yei branch after sending money to the main volt', '', '', '2017-05-12 21:12:09', '2017-05-29 12:34:02', 0, 0, 'Money UGX received from mainVolt-Yei', 1, 0, 1, NULL, NULL, 20, '', '', '', 3, 2, 1, 0),
(226, 85, 19, 9, 6, 6, 0, 'UGX', 1, 'Money UGX received from mainVolt-Nimule', '', 1, 'Debit UGX from Nimule branch after sending money to the main volt', '', '', '2017-05-12 21:44:21', '2017-05-29 13:01:48', 0, 0, 'Money UGX received from mainVolt-Nimule', 1, 0, 1, NULL, NULL, 20, '', '', '', 3, 2, 1, 0),
(227, 86, 20, 9, 6, 6, 0, 'SSP', 1, 'Money SSP received from mainVolt-Nimule', '', 1, 'Debit SSP from Nimule branch after sending money to the main volt', '', '', '2017-05-12 21:44:27', '2017-05-29 13:02:44', 0, 0, 'Money SSP received from mainVolt-Nimule', 1, 0, 1, NULL, NULL, 20, '', '', '', 3, 2, 1, 0),
(228, 84, 18, 9, 6, 6, 0, 'USD', 1, 'Money USD received from mainVolt-Nimule', '', 1, 'Debit USD from Nimule branch after sending money to the main volt', '', '', '2017-05-12 21:44:37', '2017-05-29 13:01:54', 0, 0, 'Money USD received from mainVolt-Nimule', 1, 0, 1, NULL, NULL, 20, '', '', '', 3, 2, 1, 0),
(229, 12, 80, 1, 4, 4, 1, 'USD', 1, 'USD Received from Kampala-to arua', 'Amount-USD', 1, 'transaction to Debit USD  after paying off clients', 'reference_code,commission,sender,senders_phone,receiver,receivers_phone', '', '2017-05-21 12:59:21', '2017-09-26 22:31:22', 1, 0, 'USD Received from Kampala-to arua', 0, 0, 1, 20, NULL, 20, '', '', '', 3, 2, 1, 0),
(230, 6, 71, 1, 8, 8, 1, 'USD', 1, 'USD Received from Kampala-to Yei', 'Amount-USD', 1, 'transaction to debit USD in after paying out a client', 'reference_code,commission,sender,senders_phone,receiver,receivers_phone', '', '2017-05-21 12:59:48', '2017-09-26 22:13:59', 1, 0, 'USD Received from Kampala-to Yei', 0, 0, 1, 9, NULL, 20, '', '', '', 3, 2, 1, 0),
(231, 9, 72, 1, 5, 5, 1, 'USD', 1, 'USD Received from Kampala-to Koboko', 'Amount-USD', 1, 'transaction to debit USD in after paying out a client', 'reference_code,commission,sender,senders_phone,receiver,receivers_phone', '', '2017-05-21 12:59:52', '2017-09-26 22:22:59', 1, 0, 'USD Received from Kampala-to Koboko', 0, 0, 1, 21, NULL, 20, '', '', '', 3, 2, 1, 0),
(232, 15, 75, 1, 2, 2, 1, 'USD', 1, 'USD Received from kampala-to juba', 'Amount-USD', 1, 'transaction to debit USD after paying out customers', 'reference_code,commission,sender,senders_phone,receiver,receivers_phone', '', '2017-05-21 12:59:59', '2017-09-26 22:37:58', 1, 0, 'USD Received from kampala-to juba', 0, 0, 1, 22, NULL, 20, '', '', '', 3, 2, 1, 0),
(233, 7, 70, 1, 8, 8, 1, 'UGX', 1, 'UGX  Received from Kampala-to Yei', 'Amount-UGX', 1, 'transaction to debit UGX in after paying out a client', 'reference_code,commission,sender,senders_phone,receiver,receivers_phone', '', '2017-05-21 13:02:59', '2017-09-26 22:16:30', 1, 0, 'UGX  Received from Kampala-to Yei', 0, 0, 1, 10, NULL, 20, '', '', '', 3, 2, 1, 0),
(234, 10, 73, 1, 5, 5, 1, 'UGX', 1, 'UGX Received from Kampala-to Koboko', 'Amount-UGX', 1, 'transaction to debit UGX in after paying out a client', 'reference_code,commission,sender,senders_phone,receiver,receivers_phone', '', '2017-05-21 13:03:03', '2017-09-26 22:26:04', 1, 0, 'UGX  Received from Kampala-to Koboko', 0, 0, 1, 18, NULL, 20, '', '', '', 3, 2, 1, 0),
(235, 13, 79, 1, 4, 4, 1, 'UGX', 1, 'UGX Received from Kampala-to arua', 'Amount-UGX', 1, 'transaction to debit UGX  after paying out a customer', 'reference_code,commission,sender,senders_phone,receiver,receivers_phone', '', '2017-05-21 13:03:07', '2017-09-26 22:33:59', 1, 0, 'UGX Received from Kampala-to arua', 0, 0, 1, 19, NULL, 20, '', '', '', 3, 2, 1, 0),
(236, 16, 76, 1, 2, 2, 1, 'UGX', 1, 'UGX Received from Kampala-to juba', 'Amount-UGX', 1, 'transaction to Debit UGX after paying off clients', 'reference_code,commission,sender,senders_phone,receiver,receivers_phone', '', '2017-05-21 13:03:11', '2017-09-26 22:40:22', 1, 0, 'UGX Received from Kampala-to juba', 0, 0, 1, 17, NULL, 20, '', '', '', 3, 2, 1, 0),
(237, 8, 69, 1, 8, 8, 1, 'SSP', 1, 'SSP Received from Kampala-to Yei', 'Amount-SSP', 1, 'transaction to debit SSP in after paying out a client', 'reference_code,commission,sender,senders_phone,receiver,receivers_phone', '', '2017-05-21 13:06:22', '2017-09-26 22:18:17', 1, 0, 'SSP Received from Kampala-to Yei', 0, 0, 1, 11, NULL, 20, '', '', '', 3, 2, 1, 0),
(238, 14, 78, 1, 4, 4, 1, 'SSP', 1, 'SSP Received from Kampala-to arua', 'Amount-SSP', 1, 'transaction to debit SSP in after paying out a customer', 'reference_code,commission,sender,senders_phone,receiver,receivers_phone', '', '2017-05-21 13:06:28', '2017-09-26 22:36:17', 1, 0, 'SSP Received from Kampala-to arua', 0, 0, 1, 12, NULL, 20, '', '', '', 3, 2, 1, 0),
(239, 17, 77, 1, 2, 2, 1, 'SSP', 1, 'SSP Received from Kampala-to juba', 'Amount-SSP', 1, 'transaction to debit SSP after paying a client', 'reference_code,commission,sender,senders_phone,receiver,receivers_phone', '', '2017-05-21 13:06:32', '2017-09-26 22:42:30', 1, 0, 'SSP Received from Kampala-to juba', 0, 0, 1, 14, NULL, 20, '', '', '', 3, 2, 1, 0),
(240, 3, 66, 8, 1, 1, 1, 'USD', 1, 'USD Received from Yei-to kampala', 'Amount-USD', 1, 'transaction to credit USD in Yei after an initiated transfer transaction', 'reference_code,commission,sender,senders_phone,receiver,receivers_phone', '', '2017-05-21 13:09:53', '2017-09-17 18:16:44', 1, 0, 'USD Received from Yei-to kampala', 0, 0, 1, 6, NULL, 20, '', '', '', 3, 2, 1, 0),
(241, 6, 71, 8, 4, 4, 1, 'USD', 1, 'USD Received from Yei-to arua', 'Amount-USD', 1, 'transaction to Debit USD  after paying off clients', 'reference_code,commission,sender,senders_phone,receiver,receivers_phone', '', '2017-05-21 13:10:00', '2017-09-26 22:31:38', 1, 0, 'USD Received from Yei-to arua', 0, 0, 1, 20, NULL, 20, '', '', '', 3, 2, 1, 0),
(242, 9, 72, 5, 5, 5, 1, 'USD', 1, 'USD Received from Yei-to Koboko', 'Amount-USD', 1, 'transaction to debit USD in after paying out a client', 'reference_code,commission,sender,senders_phone,receiver,receivers_phone', '', '2017-05-21 13:10:03', '2017-09-17 15:36:57', 1, 0, 'USD Received from Yei-to Koboko', 0, 0, 1, 21, NULL, 20, '', '', '', 3, 2, 1, 0),
(243, 15, 75, 8, 2, 2, 1, 'USD', 1, 'USD Received from Yei-to juba', 'Amount-USD', 1, 'transaction to debit USD after paying out customers', 'reference_code,commission,sender,senders_phone,receiver,receivers_phone', '', '2017-05-21 13:10:07', '2017-09-26 22:38:15', 1, 0, 'USD Received from Yei-to juba', 0, 0, 1, 22, NULL, 20, '', '', '', 3, 2, 1, 0),
(244, 4, 67, 8, 1, 1, 1, 'UGX', 1, 'UGX Received from Yei-to kampala', 'Amount-UGX', 1, 'transaction to debit UGX in kampala after paying out to clients', 'reference_code,commission,sender,senders_phone,receiver,receivers_phone', '', '2017-05-21 13:13:39', '2017-10-30 06:45:11', 1, 0, 'UGX Received from Yei-to kampala', 0, 0, 1, 7, NULL, 20, '', '', '', 3, 2, 1, 0),
(245, 10, 73, 8, 5, 5, 1, 'UGX', 1, 'UGX Received from Yei-to Koboko', 'Amount-UGX', 1, 'transaction to debit UGX in after paying out a client', 'reference_code,commission,sender,senders_phone,receiver,receivers_phone', '', '2017-05-21 13:13:42', '2017-09-26 22:25:54', 1, 0, 'UGX Received from Yei-to Koboko', 0, 0, 1, 18, NULL, 20, '', '', '', 3, 2, 1, 0),
(246, 13, 79, 8, 4, 4, 1, 'UGX', 6, 'UGX Received from Yei-to arua', 'Amount-UGX', 1, 'transaction to debit UGX  after paying out a customer', 'reference_code,commission,sender,senders_phone,receiver,receivers_phone', '', '2017-05-21 13:13:44', '2017-09-26 22:33:39', 1, 0, 'UGX Received from Yei-to arua', 0, 0, 1, 19, NULL, 20, '', '', '', 3, 2, 1, 0),
(247, 16, 76, 8, 2, 2, 1, 'UGX', 6, 'UGX Received from Yei-to juba', 'Amount-UGX', 1, 'transaction to Debit UGX after paying off clients', 'reference_code,commission,sender,senders_phone,receiver,receivers_phone', '', '2017-05-21 13:13:46', '2017-09-26 22:40:34', 1, 0, 'UGX Received from Yei-to juba', 0, 0, 1, NULL, NULL, 20, '', '', '', 3, 2, 1, 0),
(248, 5, 68, 8, 1, 1, 1, 'SSP', 1, 'SSP Received from Yei-to kampala', 'Amount-SSP', 1, 'transaction to debit SSP in Yei after paying out clients', 'reference_code,commission,sender,senders_phone,receiver,receivers_phone', '', '2017-05-21 13:17:14', '2017-09-26 22:11:23', 1, 0, 'SSP Received from Yei-to kampala', 0, 0, 1, 8, NULL, 20, '', '', '', 3, 2, 1, 0),
(249, 11, 74, 8, 5, 5, 1, 'SSP', 1, 'SSP Received from Yei-to Koboko', 'Amount-SSP', 1, 'transaction to debit SSP in after paying out a client', 'reference_code,commission,sender,senders_phone,receiver,receivers_phone', '', '2017-05-21 13:17:18', '2017-09-26 22:27:50', 1, 0, 'SSP Received from Yei-to Koboko', 0, 0, 1, 13, NULL, 20, '', '', '', 3, 2, 1, 0),
(250, 14, 78, 8, 4, 4, 1, 'SSP', 1, 'SSP Received from Yei-to arua', 'Amount-SSP', 1, 'transaction to debit SSP in after paying out a customer', 'reference_code,commission,sender,senders_phone,receiver,receivers_phone', '', '2017-05-21 13:17:21', '2017-09-26 22:36:03', 1, 0, 'SSP Received from Yei-to arua', 0, 0, 1, 12, NULL, 20, '', '', '', 3, 2, 1, 0),
(251, 17, 77, 8, 2, 2, 1, 'SSP', 1, 'SSP Received from Yei-to juba', 'Amount-SSP', 1, 'transaction to debit SSP after paying a client', 'reference_code,commission,sender,senders_phone,receiver,receivers_phone', '', '2017-05-21 13:17:26', '2017-09-26 22:42:22', 1, 0, 'SSP Received from Yei-to juba', 0, 0, 1, 14, NULL, 20, '', '', '', 3, 2, 1, 0),
(252, 9, 72, 1, 5, 5, 1, 'USD', 1, 'USD Received from Kampala-to Koboko', 'Amount-USD', 1, 'transaction to debit USD in after paying out a client', 'reference_code,commission,sender,senders_phone,receiver,receivers_phone', '', '2017-05-21 13:24:50', '2017-09-26 22:23:33', 0, 0, 'USD Received from Kampala-to Koboko', 0, 0, 1, 21, NULL, 20, '', '', '', 3, 2, 1, 0),
(253, 6, 71, 5, 8, 8, 1, 'USD', 1, 'USD Received from Koboko-to Yei', 'Amount-USD', 1, 'transaction to debit USD in after paying out a client', 'reference_code,commission,sender,senders_phone,receiver,receivers_phone', '', '2017-05-21 13:24:53', '2017-09-26 22:14:09', 1, 0, 'USD Received from Koboko-to Yei', 0, 0, 1, 9, NULL, 20, '', '', '', 3, 2, 1, 0),
(254, 15, 75, 5, 2, 2, 1, 'USD', 1, 'USD Received from Koboko-to juba', 'Amount-USD', 1, 'transaction to debit USD after paying out customers', 'reference_code,commission,sender,senders_phone,receiver,receivers_phone', '', '2017-05-21 13:24:55', '2017-09-26 22:38:26', 1, 0, 'USD Received from Koboko-to juba', 0, 0, 1, 22, NULL, 20, '', '', '', 3, 2, 1, 0),
(255, 12, 80, 5, 4, 4, 1, 'USD', 1, 'USD Received from Koboko-to arua', 'Amount-USD', 1, 'transaction to Debit USD  after paying off clients', 'reference_code,commission,sender,senders_phone,receiver,receivers_phone', '', '2017-05-21 13:24:57', '2017-09-26 22:31:51', 1, 0, 'USD Received from Koboko-to arua', 0, 0, 1, 20, NULL, 20, '', '', '', 3, 2, 1, 0),
(256, 4, 67, 5, 1, 1, 1, 'UGX', 1, 'UGX Received from koboko-to kampala', 'Amount-UGX', 1, 'transaction to debit UGX in kampala after paying out to clients', 'reference_code,commission,sender,senders_phone,receiver,receivers_phone', '', '2017-05-21 13:27:33', '2017-10-30 06:44:04', 1, 0, 'UGX Received from koboko-to kampala', 0, 0, 1, 7, NULL, 20, '', '', '', 3, 2, 1, 0),
(257, 7, 70, 5, 8, 8, 1, 'UGX', 1, 'UGX  Received from Koboko-to Yei', 'Amount-UGX', 1, 'transaction to debit UGX in after paying out a client', 'reference_code,commission,sender,senders_phone,receiver,receivers_phone', '', '2017-05-21 13:27:34', '2017-09-26 22:15:36', 1, 0, 'UGX  Received from Koboko-to Yei', 0, 0, 1, 10, NULL, 20, '', '', '', 3, 2, 1, 0),
(258, 16, 76, 5, 2, 2, 1, 'UGX', 1, 'UGX Received from Koboko-to juba', 'Amount-UGX', 1, 'transaction to Debit UGX after paying off clients', 'reference_code,commission,sender,senders_phone,receiver,receivers_phone', '', '2017-05-21 13:27:36', '2017-09-26 22:39:33', 1, 0, 'UGX Received from Koboko-to juba', 0, 0, 1, 17, NULL, 20, '', '', '', 3, 2, 1, 0),
(259, 13, 79, 5, 4, 4, 1, 'UGX', 1, 'UGX Received from Koboko-to arua', 'Amount-UGX', 1, 'transaction to debit UGX  after paying out a customer', 'reference_code,commission,sender,senders_phone,receiver,receivers_phone', '', '2017-05-21 13:27:38', '2017-09-26 22:32:53', 1, 0, 'UGX Received from Koboko-to arua', 0, 0, 1, 19, NULL, 20, '', '', '', 3, 2, 1, 0),
(260, 5, 68, 5, 1, 1, 1, 'SSP', 1, 'SSP Received from Koboko-to kampala', 'Amount-SSP', 1, 'transaction to debit SSP in Koboko after paying out clients', 'reference_code,commission,sender,senders_phone,receiver,receivers_phone', '', '2017-05-21 13:30:39', '2017-09-26 22:12:20', 1, 0, 'SSP Received from Koboko-to kampala', 0, 0, 1, 8, NULL, 20, '', '', '', 3, 2, 1, 0),
(261, 8, 69, 5, 8, 8, 1, 'SSP', 1, 'SSP Received from Koboko-to Yei', 'Amount-SSP', 1, 'transaction to debit SSP in after paying out a client', 'reference_code,commission,sender,senders_phone,receiver,receivers_phone', '', '2017-05-21 13:30:42', '2017-09-26 22:17:27', 1, 0, 'SSP Received from Koboko-to Yei', 0, 0, 1, 11, NULL, 20, '', '', '', 3, 2, 1, 0),
(262, 14, 78, 5, 4, 4, 1, 'SSP', 1, 'SSP Received from Koboko-to arua', 'Amount-SSP', 1, 'transaction to debit SSP in after paying out a customer', 'reference_code,commission,sender,senders_phone,receiver,receivers_phone', '', '2017-05-21 13:30:44', '2017-09-26 22:35:22', 1, 0, 'SSP Received from Koboko-to arua', 0, 0, 1, 12, NULL, 20, '', '', '', 3, 2, 1, 0),
(263, 17, 77, 5, 2, 2, 1, 'SSP', 1, 'SSP Received from Koboko-to juba', 'Amount-SSP', 1, 'transaction to debit SSP after paying a client', 'reference_code,commission,sender,senders_phone,receiver,receivers_phone', '', '2017-05-21 13:30:47', '2017-09-26 22:41:41', 1, 0, 'SSP Received from Koboko-to juba', 0, 0, 1, 14, NULL, 20, '', '', '', 3, 2, 1, 0),
(264, 3, 66, 4, 1, 1, 1, 'USD', 1, 'USD Received from Arua-to kampala', 'Amount-USD', 1, 'transaction to credit USD in Arua after an initiated transfer transaction', 'reference_code,commission,sender,senders_phone,receiver,receivers_phone', '', '2017-05-21 13:45:19', '2017-09-26 22:03:35', 1, 0, 'USD Received from Arua-to kampala', 0, 0, 1, 6, NULL, 20, '', '', '', 3, 2, 1, 0),
(265, 6, 71, 4, 8, 8, 1, 'USD', 1, 'USD Received from Arua-to Yei', 'Amount-USD', 1, 'transaction to debit USD in after paying out a client', 'reference_code,commission,sender,senders_phone,receiver,receivers_phone', '', '2017-05-21 13:45:22', '2017-09-26 22:14:41', 1, 0, 'USD Received from Arua-to Yei', 0, 0, 1, 9, NULL, 20, '', '', '', 3, 2, 1, 0),
(266, 9, 72, 4, 5, 5, 1, 'USD', 1, 'USD Received from Arua-to Koboko', 'Amount-USD', 1, 'transaction to debit USD in after paying out a client', 'reference_code,commission,sender,senders_phone,receiver,receivers_phone', '', '2017-05-21 13:45:23', '2017-09-26 22:22:06', 1, 0, 'USD Received from Arua-to Koboko', 0, 0, 1, 21, NULL, 20, '', '', '', 3, 2, 1, 0),
(267, 15, 75, 4, 2, 2, 1, 'USD', 1, 'USD Received from Arua-to juba', 'Amount-USD', 1, 'transaction to debit USD after paying out customers', 'reference_code,commission,sender,senders_phone,receiver,receivers_phone', '', '2017-05-21 13:45:25', '2017-09-26 22:37:37', 1, 0, 'USD Received from Arua-to juba', 0, 0, 1, 22, NULL, 20, '', '', '', 3, 2, 1, 0),
(268, 4, 67, 4, 1, 1, 1, 'UGX', 1, 'UGX Received from Arua-to kampala', 'Amount-UGX', 1, 'transaction to debit UGX in kampala after paying out to clients', 'reference_code,commission,sender,senders_phone,receiver,receivers_phone', '', '2017-05-21 13:48:19', '2017-10-30 06:44:20', 1, 0, 'UGX Received from Arua-to kampala', 0, 0, 1, 7, NULL, 20, '', '', '', 3, 2, 1, 0),
(269, 7, 70, 4, 8, 8, 1, 'UGX', 1, 'UGX  Received from Arua-to Yei', 'Amount-UGX', 1, 'transaction to debit UGX in after paying out a client', 'reference_code,commission,sender,senders_phone,receiver,receivers_phone', '', '2017-05-21 13:48:22', '2017-09-26 22:15:53', 1, 0, 'UGX  Received from Arua-to Yei', 0, 0, 1, 10, NULL, 20, '', '', '', 3, 2, 1, 0),
(270, 10, 73, 4, 5, 5, 1, 'UGX', 1, 'UGX Received from Arua-to Koboko', 'Amount-UGX', 1, 'transaction to debit UGX in after paying out a client', 'reference_code,commission,sender,senders_phone,receiver,receivers_phone', '', '2017-05-21 13:48:24', '2017-09-26 22:25:04', 1, 0, 'UGX Received from Arua-to Koboko', 0, 0, 1, 18, NULL, 20, '', '', '', 3, 2, 1, 0),
(271, 16, 76, 4, 2, 2, 1, 'UGX', 1, 'UGX Received from Arua-to juba', 'Amount-UGX', 1, 'transaction to Debit UGX after paying off clients', 'reference_code,commission,sender,senders_phone,receiver,receivers_phone', '', '2017-05-21 13:48:28', '2017-09-26 22:39:46', 1, 0, 'UGX Received from Arua-to juba', 0, 0, 1, 17, NULL, 20, '', '', '', 3, 2, 1, 0),
(272, 5, 68, 4, 1, 1, 1, 'SSP', 1, 'SSP Received from Arua-to kampala', 'Amount-SSP', 1, 'transaction to debit SSP in arua after paying out clients', 'reference_code,commission,sender,senders_phone,receiver,receivers_phone', '', '2017-05-21 13:50:35', '2017-09-26 22:12:02', 1, 0, 'SSP Received from Arua-to kampala', 0, 0, 1, 8, NULL, 20, '', '', '', 3, 2, 1, 0),
(273, 8, 69, 4, 8, 8, 1, 'SSP', 1, 'SSP Received from Arua-to Yei', 'Amount-SSP', 1, 'transaction to debit SSP in after paying out a client', 'reference_code,commission,sender,senders_phone,receiver,receivers_phone', '', '2017-05-21 13:50:37', '2017-09-26 22:17:38', 1, 0, 'SSP Received from Arua-to Yei', 0, 0, 1, 11, NULL, 20, '', '', '', 3, 2, 1, 0),
(274, 11, 74, 4, 5, 5, 1, 'SSP', 1, 'SSP Received from Arua-to Koboko', 'Amount-SSP', 1, 'transaction to debit SSP in after paying out a client', 'reference_code,commission,sender,senders_phone,receiver,receivers_phone', '', '2017-05-21 13:50:39', '2017-09-26 22:27:15', 1, 0, 'SSP Received from Arua-to Koboko', 0, 0, 1, 13, NULL, 20, '', '', '', 3, 2, 1, 0),
(275, 17, 77, 4, 2, 2, 1, 'SSP', 1, 'SSP Received from Arua-to juba', 'Amount-SSP', 1, 'transaction to debit SSP after paying a client', 'reference_code,commission,sender,senders_phone,receiver,receivers_phone', '', '2017-05-21 13:50:41', '2017-09-26 22:41:54', 1, 0, 'SSP Received from Arua-to juba', 0, 0, 1, 14, NULL, 20, '', '', '', 3, 2, 1, 0),
(276, 3, 66, 2, 1, 1, 1, 'USD', 1, 'USD Received from juba-to kampala', 'Amount-USD', 1, 'transaction to credit USD  in Juba after an initiated transfer transaction', 'reference_code,commission,sender,senders_phone,receiver,receivers_phone', '', '2017-05-21 13:56:46', '2017-09-26 21:03:08', 1, 0, 'USD Received from juba-to kampala', 0, 0, 1, 6, NULL, 20, '', '', '', 3, 2, 1, 0),
(277, 6, 71, 2, 8, 8, 1, 'USD', 1, 'USD Received from Juba-to Yei', 'Amount-USD', 1, 'transaction to debit USD in after paying out a client', 'reference_code,commission,sender,senders_phone,receiver,receivers_phone', '', '2017-05-21 13:56:48', '2017-09-26 22:14:31', 1, 0, 'USD Received from Juba-to Yei', 0, 0, 1, 9, NULL, 20, '', '', '', 3, 2, 1, 0),
(278, 9, 72, 2, 5, 5, 1, 'USD', 1, 'USD Received from Juba-to Koboko', 'Amount-USD', 1, 'transaction to debit USD in after paying out a client', 'reference_code,commission,sender,senders_phone,receiver,receivers_phone', '', '2017-05-21 13:56:51', '2017-09-26 22:22:19', 1, 0, 'USD Received from Juba-to Koboko', 0, 0, 1, 21, NULL, 20, '', '', '', 3, 2, 1, 0),
(279, 12, 80, 2, 4, 4, 1, 'USD', 1, 'USD Received from Juba-to arua', 'Amount-USD', 1, 'transaction to Debit USD  after paying off clients', 'reference_code,commission,sender,senders_phone,receiver,receivers_phone', '', '2017-05-21 13:56:56', '2017-09-26 22:30:52', 1, 0, 'USD Received from Juba-to arua', 0, 0, 1, 20, NULL, 20, '', '', '', 3, 2, 1, 0),
(280, 4, 67, 2, 1, 1, 1, 'UGX', 1, 'UGX Received from Juba-to kampala', 'Amount-UGX', 1, 'transaction to debit UGX in kampala after paying out to clients', 'reference_code,commission,sender,senders_phone,receiver,receivers_phone', '', '2017-05-21 13:59:12', '2017-10-30 06:44:35', 1, 0, 'UGX Received from Juba-to kampala', 0, 0, 1, 7, NULL, 20, '', '', '', 3, 2, 1, 0),
(281, 7, 70, 2, 8, 8, 1, 'UGX', 1, 'UGX  Received from Juba-to Yei', 'Amount-UGX', 1, 'transaction to debit UGX in after paying out a client', 'reference_code,commission,sender,senders_phone,receiver,receivers_phone', '', '2017-05-21 13:59:13', '2017-09-26 22:16:05', 1, 0, 'UGX  Received from Juba-to Yei', 0, 0, 1, 10, NULL, 20, '', '', '', 3, 2, 1, 0),
(282, 10, 73, 2, 5, 5, 1, 'UGX', 1, 'UGX Received from Juba-to Koboko', 'Amount-UGX', 1, 'transaction to debit UGX in after paying out a client', 'reference_code,commission,sender,senders_phone,receiver,receivers_phone', '', '2017-05-21 13:59:15', '2017-09-26 22:25:17', 1, 0, 'UGX Received from Juba-to Koboko', 0, 0, 1, 18, NULL, 20, '', '', '', 3, 2, 1, 0),
(283, 13, 79, 2, 4, 4, 1, 'UGX', 1, 'UGX Received from Juba-to arua', 'Amount-UGX', 1, 'transaction to debit UGX  after paying out a customer', 'reference_code,commission,sender,senders_phone,receiver,receivers_phone', '', '2017-05-21 13:59:17', '2017-09-26 22:33:09', 1, 0, 'UGX Received from Juba-to arua', 0, 0, 1, 19, NULL, 20, '', '', '', 3, 2, 1, 0),
(284, 5, 68, 2, 1, 1, 1, 'SSP', 1, 'SSP Received from Juba-to kampala', 'Amount-SSP', 1, 'transaction to debit SSP in juba after paying out clients', 'reference_code,commission,sender,senders_phone,receiver,receivers_phone', '', '2017-05-21 14:02:18', '2017-09-26 22:11:42', 1, 0, 'SSP Received from Juba-to kampala', 0, 0, 1, 8, NULL, 20, '', '', '', 3, 2, 1, 0),
(285, 8, 69, 2, 8, 8, 1, 'SSP', 1, 'SSP Received from Juba-to Yei', 'Amount-SSP', 1, 'transaction to debit SSP in after paying out a client', 'reference_code,commission,sender,senders_phone,receiver,receivers_phone', '', '2017-05-21 14:02:21', '2017-09-26 22:17:48', 1, 0, 'SSP Received from Juba-to Yei', 0, 0, 1, 11, NULL, 20, '', '', '', 3, 2, 1, 0),
(286, 11, 74, 2, 5, 5, 1, 'SSP', 1, 'SSP Received from Juba-to Koboko', 'Amount-SSP', 1, 'transaction to debit SSP in after paying out a client', 'reference_code,commission,sender,senders_phone,receiver,receivers_phone', '', '2017-05-21 14:02:24', '2017-09-26 22:27:26', 1, 0, 'SSP Received from Juba-to Koboko', 0, 0, 1, 13, NULL, 20, '', '', '', 3, 2, 1, 0),
(287, 14, 78, 2, 4, 4, 1, 'SSP', 1, 'SSP Received from Juba-to arua', 'Amount-SSP', 1, 'transaction to debit SSP in after paying out a customer', 'reference_code,commission,sender,senders_phone,receiver,receivers_phone', '', '2017-05-21 14:02:26', '2017-09-26 22:35:31', 1, 0, 'SSP Received from Juba-to arua', 0, 0, 1, 12, NULL, 20, '', '', '', 3, 2, 1, 0),
(288, 6, 71, 6, 8, 8, 1, 'USD', 1, 'USD Received from Nimule-to Yei', 'Amount-USD', 1, 'transaction to debit USD in after paying out a client', 'reference_code,commission,sender,senders_phone,receiver,receivers_phone', '', '2017-05-21 14:06:55', '2017-09-26 22:14:21', 1, 0, 'USD Received from Nimule-to Yei', 0, 0, 1, 9, NULL, 20, '', '', '', 3, 2, 1, 0),
(289, 9, 72, 6, 5, 5, 1, 'USD', 1, 'USD Received from Nimule-to Koboko', 'Amount-USD', 1, 'transaction to debit USD in after paying out a client', 'reference_code,commission,sender,senders_phone,receiver,receivers_phone', '', '2017-05-21 14:06:58', '2017-09-26 22:22:45', 1, 0, 'USD Received from Nimule-to Koboko', 0, 0, 1, 21, NULL, 20, '', '', '', 3, 2, 1, 0),
(290, 15, 75, 6, 2, 2, 1, 'USD', 1, 'USD Received from Nimule-to juba', 'Amount-USD', 1, 'transaction to debit USD after paying out customers', 'reference_code,commission,sender,senders_phone,receiver,receivers_phone', '', '2017-05-21 14:07:00', '2017-09-26 22:37:48', 1, 0, 'USD Received from Nimule-to juba', 0, 0, 1, 22, NULL, 20, '', '', '', 3, 2, 1, 0),
(291, 12, 80, 6, 4, 4, 1, 'USD', 1, 'USD Received from Nimule-to arua', 'Amount-USD', 1, 'transaction to Debit USD  after paying off clients', 'reference_code,commission,sender,senders_phone,receiver,receivers_phone', '', '2017-05-21 14:07:02', '2017-09-26 22:31:06', 1, 0, 'USD Received from Nimule-to arua', 0, 0, 1, 20, NULL, 20, '', '', '', 3, 2, 1, 0),
(292, 7, 70, 6, 8, 8, 1, 'UGX', 1, 'UGX  Received from Nimule-to Yei', 'Amount-UGX', 1, 'transaction to debit UGX in after paying out a client', 'reference_code,commission,sender,senders_phone,receiver,receivers_phone', '', '2017-05-21 14:08:37', '2017-09-26 22:16:18', 1, 0, 'UGX  Received from Nimule-to Yei', 0, 0, 1, 10, NULL, 20, '', '', '', 3, 2, 1, 0),
(293, 10, 73, 6, 5, 5, 1, 'UGX', 1, 'UGX Received from Nimule-to Koboko', 'Amount-UGX', 1, 'transaction to debit UGX in after paying out a client', 'reference_code,commission,sender,senders_phone,receiver,receivers_phone', '', '2017-05-21 14:08:39', '2017-09-26 22:25:41', 1, 0, 'UGX  Received from Nimule-to Koboko', 0, 0, 1, 18, NULL, 20, '', '', '', 3, 2, 1, 0),
(294, 16, 76, 6, 2, 2, 1, 'UGX', 1, 'UGX Received from Nimule-to juba', 'Amount-UGX', 1, 'transaction to Debit UGX after paying off clients', 'reference_code,commission,sender,senders_phone,receiver,receivers_phone', '', '2017-05-21 14:08:42', '2017-09-26 22:40:12', 1, 0, 'UGX Received from Nimule-to juba', 0, 0, 1, 17, NULL, 20, '', '', '', 3, 2, 1, 0),
(295, 13, 79, 6, 4, 4, 1, 'UGX', 1, 'UGX Received from Nimule-to arua', 'Amount-UGX', 1, 'transaction to debit UGX  after paying out a customer', 'reference_code,commission,sender,senders_phone,receiver,receivers_phone', '', '2017-05-21 14:08:44', '2017-09-26 22:33:23', 1, 0, 'UGX Received from Nimule-to arua', 0, 0, 1, 19, NULL, 20, '', '', '', 3, 2, 1, 0),
(296, 8, 69, 6, 8, 8, 1, 'SSP', 1, 'SSP Received from Nimule-to Yei', 'Amount-SSP', 1, 'transaction to debit SSP in after paying out a client', 'reference_code,commission,sender,senders_phone,receiver,receivers_phone', '', '2017-05-21 14:11:13', '2017-09-26 22:17:58', 1, 0, 'SSP Received from Nimule-to Yei', 0, 0, 1, 11, NULL, 20, '', '', '', 3, 2, 1, 0),
(297, 11, 74, 6, 5, 5, 1, 'SSP', 1, 'SSP Received from Nimule-to Koboko', 'Amount-SSP', 1, 'transaction to debit SSP in after paying out a client', 'reference_code,commission,sender,senders_phone,receiver,receivers_phone', '', '2017-05-21 14:11:15', '2017-09-26 22:27:40', 1, 0, 'SSP Received from Nimule-to Koboko', 0, 0, 1, 13, NULL, 20, '', '', '', 3, 2, 1, 0),
(298, 17, 77, 6, 2, 2, 1, 'SSP', 1, 'SSP Received from Nimule-to juba', 'Amount-SSP', 1, 'transaction to debit SSP after paying a client', 'reference_code,commission,sender,senders_phone,receiver,receivers_phone', '', '2017-05-21 14:11:17', '2017-09-26 22:42:06', 1, 0, 'SSP Received from Nimule-to juba', 0, 0, 1, 14, NULL, 20, '', '', '', 3, 2, 1, 0),
(299, 14, 78, 6, 4, 4, 1, 'SSP', 1, 'SSP Received from Nimule-to arua', 'Amount-SSP', 1, 'transaction to debit SSP in after paying out a customer', 'reference_code,commission,sender,senders_phone,receiver,receivers_phone', '', '2017-05-21 14:11:19', '2017-09-26 22:35:45', 1, 0, 'SSP Received from Nimule-to arua', 0, 0, 1, 12, NULL, 20, '', '', '', 3, 2, 1, 0),
(300, 20, 83, 8, 6, 6, 1, 'SSP', 1, 'SSP Received from Kampala-to nimule', 'Amount-SSP', 1, 'transaction to debit SSP after paying out to a customer', 'reference_code,commission,sender,senders_phone,receiver,receivers_phone', '', '2017-05-21 14:48:45', '2017-09-26 22:46:34', 1, 0, 'SSP Received from Kampala-to nimule', 0, 0, 1, 15, NULL, 20, '', '', '', 3, 2, 1, 0),
(301, 78, 14, 4, 2, 4, 1, 'SSP', 6, 'Send SSP to juba-Arua', 'Amount-SSP', 1, 'Send SSP from koboko to Arua', 'commission,sender,senders_phone,receiver,receivers_phone', '', '2017-05-22 22:36:21', '2017-09-17 16:06:44', 1, 0, 'Send SSP to juba-Arua', 1, 0, 1, 12, NULL, 20, '', '', 'Amount', 3, 2, 1, 0),
(302, 75, 15, 2, 1, 2, 1, 'USD', 6, 'Send USD to kampala-juba', 'Amount-USD', 1, 'Send USD from kampala to juba', 'commission,sender,senders_phone,receiver,receivers_phone', '', '2017-05-22 22:56:14', '2017-09-17 16:12:19', 1, 0, 'Send USD to kampala-juba', 1, 0, 1, 22, NULL, 20, '', '', 'Amount', 3, 2, 1, 0),
(303, 18, 84, 6, 9, 9, 1, 'USD', 1, 'USD Received for transaction in OutBranch from Nimule', 'Amount-USD', 1, 'transaction to debit USD  money from the out branch account', '', '', '2017-05-29 16:45:15', '2017-05-29 16:45:15', 0, 0, 'USD Received for transaction in OutBranch from Nimule', 1, 0, 1, NULL, NULL, 20, '', '', '', 3, 2, 1, 0),
(304, 6, 84, 8, 9, 9, 1, 'USD', 1, 'USD Received for transaction in OutBranch from yei', 'Amount-USD', 1, 'transaction to debit USD  money from the out branch account', '', '', '2017-05-29 16:45:20', '2017-05-29 16:45:20', 0, 0, 'USD Received for transaction in OutBranch from yei', 1, 0, 1, NULL, NULL, 20, '', '', '', 3, 2, 1, 0),
(305, 9, 84, 5, 9, 9, 1, 'USD', 1, 'USD Received for transaction in OutBranch from koboko', 'Amount-USD', 1, 'transaction to debit USD  money from the out branch account', '', '', '2017-05-29 16:45:25', '2017-05-29 16:45:25', 0, 0, 'USD Received for transaction in OutBranch from koboko', 1, 0, 1, NULL, NULL, 20, '', '', '', 3, 2, 1, 0),
(306, 12, 84, 4, 9, 9, 1, 'USD', 1, 'USD Received for transaction in OutBranch from arua', 'Amount-USD', 1, 'transaction to debit USD  money from the out branch account', '', '', '2017-05-29 16:45:34', '2017-05-29 16:45:34', 0, 0, 'USD Received for transaction in OutBranch from arua', 1, 0, 1, NULL, NULL, 20, '', '', '', 3, 2, 1, 0),
(307, 15, 84, 2, 9, 9, 1, 'USD', 1, 'USD Received for transaction in OutBranch from juba', 'Amount-USD', 1, 'transaction to debit USD  money from the out branch account', '', '', '2017-05-29 16:45:39', '2017-05-29 16:45:39', 0, 0, 'USD Received for transaction in OutBranch from juba', 1, 0, 1, NULL, NULL, 20, '', '', '', 3, 2, 1, 0),
(308, 16, 85, 2, 9, 9, 1, 'UGX', 1, 'UGX Received for transaction in OutBranch from juba', 'Amount-UGX', 1, 'transaction to debit UGX  money from the out branch account', '', '', '2017-05-29 16:49:25', '2017-05-29 16:49:25', 0, 0, 'UGX Received for transaction in OutBranch from juba', 1, 0, 1, NULL, NULL, 20, '', '', '', 3, 2, 1, 0),
(309, 13, 85, 4, 9, 9, 1, 'UGX', 1, 'UGX Received for transaction in OutBranch from arua', 'Amount-UGX', 1, 'transaction to debit UGX  money from the out branch account', '', '', '2017-05-29 16:49:32', '2017-05-29 16:49:32', 0, 0, 'UGX Received for transaction in OutBranch from arua', 1, 0, 1, NULL, NULL, 20, '', '', '', 3, 2, 1, 0),
(310, 10, 85, 5, 9, 9, 1, 'UGX', 1, 'UGX Received for transaction in OutBranch from koboko', 'Amount-UGX', 1, 'transaction to debit UGX  money from the out branch account', '', '', '2017-05-29 16:49:36', '2017-05-29 16:49:36', 0, 0, 'UGX Received for transaction in OutBranch from koboko', 1, 0, 1, NULL, NULL, 20, '', '', '', 3, 2, 1, 0),
(311, 7, 85, 8, 9, 9, 1, 'UGX', 1, 'UGX Received for transaction in OutBranch from yei', 'Amount-UGX', 1, 'transaction to debit UGX  money from the out branch account', '', '', '2017-05-29 16:49:40', '2017-05-29 16:49:40', 0, 0, 'UGX Received for transaction in OutBranch from yei', 1, 0, 1, NULL, NULL, 20, '', '', '', 3, 2, 1, 0),
(312, 19, 85, 6, 9, 9, 1, 'UGX', 1, 'UGX Received for transaction in OutBranch from nimule', 'Amount-UGX', 1, 'transaction to debit UGX  money from the out branch account', '', '', '2017-05-29 16:49:44', '2017-05-29 16:49:44', 0, 0, 'UGX Received for transaction in OutBranch from nimule', 1, 0, 1, NULL, NULL, 20, '', '', '', 3, 2, 1, 0),
(313, 17, 86, 2, 9, 9, 0, 'SSP', 1, 'SSP Received for transaction in OutBranch from juba', 'Amount-SSP', 1, 'transaction to debit SSP  money from the out branch account', '', '', '2017-05-29 16:52:51', '2017-05-29 16:52:51', 0, 0, 'SSP Received for transaction in OutBranch from juba', 1, 0, 1, NULL, NULL, 20, '', '', '', 3, 2, 1, 0),
(314, 14, 86, 4, 9, 9, 0, 'SSP', 1, 'SSP Received for transaction in OutBranch from arua', 'Amount-SSP', 1, 'transaction to debit SSP  money from the out branch account', '', '', '2017-05-29 16:52:58', '2017-05-29 16:52:58', 0, 0, 'SSP Received for transaction in OutBranch from arua', 1, 0, 1, NULL, NULL, 20, '', '', '', 3, 2, 1, 0),
(315, 11, 86, 5, 9, 9, 0, 'SSP', 1, 'SSP Received for transaction in OutBranch from koboko', 'Amount-SSP', 1, 'transaction to debit SSP  money from the out branch account', '', '', '2017-05-29 16:53:02', '2017-05-29 16:53:02', 0, 0, 'SSP Received for transaction in OutBranch from koboko', 1, 0, 1, NULL, NULL, 20, '', '', '', 3, 2, 1, 0),
(316, 8, 86, 8, 9, 9, 0, 'SSP', 1, 'SSP Received for transaction in OutBranch from yei', 'Amount-SSP', 1, 'transaction to debit SSP  money from the out branch account', '', '', '2017-05-29 16:53:07', '2017-05-29 16:53:07', 0, 0, 'SSP Received for transaction in OutBranch from yei', 1, 0, 1, NULL, NULL, 20, '', '', '', 3, 2, 1, 0),
(317, 20, 86, 6, 9, 9, 0, 'SSP', 1, 'SSP Received for transaction in OutBranch from Nimule', 'Amount-SSP', 1, 'transaction to debit SSP  money from the out branch account', '', '', '2017-05-29 16:53:12', '2017-05-29 16:53:12', 0, 0, 'SSP Received for transaction in OutBranch from Nimule', 1, 0, 1, NULL, NULL, 20, '', '', '', 3, 2, 1, 0),
(318, 72, 9, 6, 5, 6, 1, 'USD', 6, 'Send USD to Koboko-Nimule', 'Amount-USD', 1, 'Send USD from kampala branch to Nimule', 'commission,sender,senders_phone,receiver,receivers_phone', '', '2017-09-13 14:14:26', '2017-09-17 16:33:29', 1, 0, 'Send USD to Koboko-Nimule', 1, 0, 1, 21, NULL, 20, '', '', 'Amount', 3, 2, 1, 0);
INSERT INTO `transaction_types` (`id`, `from_account_id`, `to_account_id`, `from_branch_id`, `to_branch_id`, `branch_id`, `account_type_id`, `currency_id`, `transaction_status_id`, `name`, `name_on_receipt`, `show_on_receipt`, `description`, `custom_fields`, `custom_field_options`, `created`, `modified`, `add_to_menu`, `super_admin_menu_only`, `menu_link_title`, `balance_sheet_side`, `quantitized`, `enabled`, `commission_structure_id`, `linked_transaction_type_id`, `priority`, `quantity_label`, `amount_label`, `value_label`, `reverse_operant`, `decimal_places`, `on_create_lock_to_branch_from`, `require_target_user`) VALUES
(319, 3, 84, 1, 9, 9, 1, 'USD', 1, 'USD Received for transaction in OutBranch from kampala branch', 'Amount-USD', 1, 'transaction to debit USD  money from the out branch account', '', '', '2017-09-19 08:58:53', '2017-09-19 08:58:53', 0, 0, 'USD Received for transaction in OutBranch from kampala branch', 1, 0, 1, NULL, NULL, 20, '', '', '', 3, 2, 1, 0);

-- --------------------------------------------------------

--
-- Table structure for table `users`
--

CREATE TABLE IF NOT EXISTS `users` (
  `id` int(11) unsigned NOT NULL AUTO_INCREMENT,
  `name` varchar(100) NOT NULL,
  `username` varchar(25) NOT NULL,
  `password` varchar(255) NOT NULL,
  `email` varchar(120) NOT NULL,
  `contact_details` varchar(50) NOT NULL,
  `is_active` tinyint(1) unsigned NOT NULL DEFAULT '1',
  `created` datetime NOT NULL,
  `modified` datetime NOT NULL,
  `role_id` int(10) unsigned NOT NULL,
  `branch_id` smallint(5) unsigned NOT NULL DEFAULT '1',
  `role` varchar(20) NOT NULL,
  `time_zone` varchar(50) CHARACTER SET latin1 NOT NULL DEFAULT 'Africa/Kampala',
  `time_format` varchar(20) CHARACTER SET latin1 NOT NULL DEFAULT '3',
  PRIMARY KEY (`id`),
  KEY `roles_user_id` (`role_id`)
) ENGINE=InnoDB  DEFAULT CHARSET=utf8 AUTO_INCREMENT=24 ;

--
-- Dumping data for table `users`
--

INSERT INTO `users` (`id`, `name`, `username`, `password`, `email`, `contact_details`, `is_active`, `created`, `modified`, `role_id`, `branch_id`, `role`, `time_zone`, `time_format`) VALUES
(1, 'Patrick Kanyerezi', 'root', '$2y$10$DigkNFarTxNABGj/3eae/.2yuciCnm./MPQIZXzsoWIh7VrPtDPg6', 'patrickkanyerezi@gmail.com', '256701203975', 1, '2016-05-23 13:15:32', '2017-11-14 09:27:11', 1, 1, 'super_admin', 'Africa/Kampala', '3'),
(2, 'Employee kampala', 'employeekampala', '$2y$10$K6wNbS0sZZJ88LUK5opRDOPv18hQs1MBONWEfeZNDlgHYLsJXxiCa', 'employee1@gmail.com', '0704543171', 1, '2016-12-12 14:51:46', '2017-01-27 10:38:56', 7, 1, 'employee', 'Africa/Kampala', '3'),
(3, 'Admin in Uganda', 'managerkampala', '$2y$10$2E3mSc.K9s31bHP6DqLOdeMHT8X2gdXVfB6BkO4veeV51VpyJC3f.', 'admin@uganda.com', '991', 1, '2017-01-04 20:58:12', '2017-04-27 14:18:48', 9, 1, 'admin', 'Africa/Kampala', '3'),
(4, 'Admin in Yei', 'manageryei', '$2y$10$ZzpDnt1jY/XlNZXtOGiVwOpYgQdnO9PKkhLudfUWyCPrSKy6xww56', 'admin@sudan.com', '0704543171', 1, '2017-01-04 20:59:42', '2017-04-27 14:18:23', 9, 8, 'admin', 'Africa/Juba', '3'),
(5, 'Koboko Manager', 'managerkoboko', '$2y$10$OqiOuaxLOd8qdvPreWfAhuuW.JS3xkPMtdoNHkEzFinKAgNSsbeYq', 'employee@sudan.com', '991', 1, '2017-01-04 21:37:25', '2017-01-27 10:38:03', 9, 5, 'admin', 'Africa/Juba', '3'),
(6, 'Manager Arua', 'managerarua', '$2y$10$deUh8kyqnp6G8HaDKciZHukH5OXOzCK5XUFzVLzLWeqTCRk1ZRWN.', 'admin@arua.com', '991', 1, '2017-01-05 00:53:57', '2017-01-27 10:39:50', 9, 4, 'admin', 'Africa/Khartoum', '3'),
(7, 'Manager Juba', 'managerjuba', '$2y$10$3hoMWWnKAtqBq3ClqN0SAe.HpDJ2tSufU2E2Tf3QbuaD4isUlUJGW', 'managerjuba@juba.com', '991', 1, '2017-01-07 04:01:25', '2017-01-27 10:41:14', 9, 2, 'admin', 'Africa/Kampala', '3'),
(8, 'Manager Nimuli', 'managernimuli', '$2y$10$CzmBKSqU8YNBPfE0aDIfXOlAUR9RguPxQZP6JkE.hojcN0HR7XOd6', 'managernimuli@juba.com', '991', 1, '2017-01-07 04:02:14', '2017-01-27 10:42:27', 9, 6, 'admin', 'Africa/Juba', '3'),
(9, 'kampala cashier 1', 'kampalacashier1', '$2y$10$DigkNFarTxNABGj/3eae/.2yuciCnm./MPQIZXzsoWIh7VrPtDPg6', 'kampalacashier1@gmail.com', '78696', 1, '2017-01-27 10:53:17', '2017-01-27 10:53:17', 8, 1, 'cashiers', 'Africa/Kampala', '3'),
(10, 'kampala cashier 2', 'kampalacashier2', '$2y$10$9VaQze0VEkmOZAWHDretwus96OQaE23rFGqFtClsU4IhRwIYdTeFm', 'kampalacashier2@gmail.com', '4555', 1, '2017-01-27 10:53:57', '2017-01-27 10:53:57', 8, 1, 'cashiers', 'Africa/Kampala', '3'),
(11, 'Yei cashier 1', 'cashieryei1', '$2y$10$XtazFIoI8gzm44MiuAlTguSYwDOkaWWb0aK2tXNPu139ikxM6Ie2u', 'cashieryei1@gmail.com', '4562', 1, '2017-01-27 10:55:19', '2017-01-27 10:55:19', 8, 8, 'cashiers', 'Africa/Kampala', '3'),
(12, 'Yei cashier 2', 'cashieryei2', '$2y$10$/5wr6mH7nAd5RgaY4.HL6eHuZCOkN4Pggn7.d4R466pTOCl6VY966', 'cashieryei2@gmail.com', '84545', 1, '2017-01-27 10:56:05', '2017-01-27 10:56:05', 8, 8, 'cashiers', 'Africa/Kampala', '3'),
(13, 'Arua cashier 1', 'cashierarua1', '$2y$10$VR0cUkB9Ry8Nyy91V34zNu1ikPPhG3jEqaaPcciS9hyQxG3b3kAKa', 'cashierarua1@gmail.com', '68554', 1, '2017-01-27 10:57:29', '2017-01-27 10:57:29', 8, 4, 'cashiers', 'Africa/Kampala', '3'),
(14, 'Arua cashier 2', 'cashierarua2', '$2y$10$2MOQYXKQJttefMtUNElgQe9TTwms6fNRwl22lX7zpQkyYX/aLgqmS', 'cashierarua2@gmail.com', '654545', 1, '2017-01-27 10:58:15', '2017-01-27 10:58:15', 8, 4, 'cashiers', 'Africa/Kampala', '3'),
(15, 'koboko cashier 1', 'cashierkoboko1', '$2y$10$.HxM9UwnhxX9HAF.2sQW.ueM4.qy3Kji8O5W3gT0/NzxksOsWOFK2', 'cashierkoboko1@gmail.com', '7756', 1, '2017-01-27 10:59:32', '2017-01-27 10:59:32', 8, 5, 'cashiers', 'Africa/Kampala', '3'),
(16, 'koboko cashier 2', 'cashierkoboko2', '$2y$10$2B9G1sOzZQ/fKWOjIf4RfOv8tYLiZGLgNwCn.0TM4rtXtY/7.5N5C', 'cashierkoboko2@gmail.com', '455558', 1, '2017-01-27 11:00:21', '2017-01-27 11:00:21', 8, 5, 'cashiers', 'Africa/Kampala', '3'),
(17, 'juba cashier 1', 'cashierjuba1', '$2y$10$avOzIA9Y3Jk0CCN1qxwMdensAX19PvsCfEgOYgKZNwU10/CcT45xK', 'cashierjuba1@gmail.com', '4556568', 1, '2017-01-27 11:01:46', '2017-01-27 11:01:46', 8, 2, 'cashiers', 'Africa/Kampala', '3'),
(18, 'juba cashier 2', 'cashierjuba2', '$2y$10$DigkNFarTxNABGj/3eae/.2yuciCnm./MPQIZXzsoWIh7VrPtDPg6', 'cashierjuba2@gmail.com', '56565', 1, '2017-01-27 11:02:34', '2017-01-27 11:02:34', 8, 2, 'cashiers', 'Africa/Kampala', '3'),
(19, 'nimule cashier 1', 'cashiernimule1', '$2y$10$tnOHIOz03e50ga3FGJashOPeh7vIBbO/xm7eCOWw2UcoDpwuSvau6', 'cashiernimule1@gmail.com', '846895', 1, '2017-01-27 11:03:41', '2017-01-27 11:03:41', 8, 6, 'cashiers', 'Africa/Kampala', '3'),
(20, 'nimule cashier 2', 'cashiernimule2', '$2y$10$5y6g0IODDAFsf4/jBTdNI.iXvX9lQmMJWCUrE/yennA4a0Tg7dIr.', 'cashiernimule2@gmail.com', '464185', 1, '2017-01-27 11:04:42', '2017-01-27 11:04:42', 8, 6, 'cashiers', 'Africa/Kampala', '3'),
(21, 'Initial account operator', 'outbranchcashier', '$2y$10$oCRy95pt.rmjdZZf2pshgesdGi12n/5pXzWif86FyTGPi8kD/0WWK', 'outbrachcashier@gmail.com', '0702568945', 1, '2017-02-14 21:23:27', '2017-02-14 21:23:27', 8, 9, 'cashiers', 'Africa/Kampala', '3'),
(22, 'api_kla1', 'api_kla1', '3298fh9fnwiaskf0-q34fnq30fwqanv9oh0', 'apikey1@gmail.com', '256701203975', 1, '2017-09-11 11:21:56', '2017-09-11 11:21:56', 10, 1, 'api', 'Africa/Kampala', '3'),
(23, 'api_kla2', 'api_kla2', '3298fh9fnwiaskf0-q34fnq30fwqanv9oh0', 'apikey2@gmail.com', '256701203975', 1, '2017-09-11 11:26:26', '2017-09-11 11:26:26', 10, 6, 'api', 'Africa/Kampala', '3');

/*!40101 SET CHARACTER_SET_CLIENT=@OLD_CHARACTER_SET_CLIENT */;
/*!40101 SET CHARACTER_SET_RESULTS=@OLD_CHARACTER_SET_RESULTS */;
/*!40101 SET COLLATION_CONNECTION=@OLD_COLLATION_CONNECTION */;
